
uint8_t globe[905] = { 137, 80, 78, 71, 13, 10, 26, 10, 0, 0, 0, 13, 73, 72, 68, 82, 0, 0, 0, 15, 0, 0, 0, 15, 8, 6, 0, 0, 0, 59, 214, 149, 74, 0, 0, 0, 6, 98, 75, 71, 68, 0, 255, 0, 255, 0, 255, 160, 189, 167, 147, 0, 0, 0, 9, 112, 72, 89, 115, 0, 0, 11, 19, 0, 0, 11, 19, 1, 0, 154, 156, 24, 0, 0, 0, 7, 116, 73, 77, 69, 7, 224, 3, 13, 14, 2, 40, 98, 71, 244, 93, 0, 0, 3, 22, 73, 68, 65, 84, 40, 207, 77, 146, 75, 104, 28, 101, 0, 128, 191, 153, 249, 119, 158, 217, 217, 103, 210, 60, 186, 33, 85, 43, 209, 160, 109, 82, 44, 65, 81, 234, 161, 197, 7, 66, 164, 132, 92, 162, 224, 69, 132, 30, 60, 121, 209, 131, 32, 136, 119, 81, 20, 65, 15, 33, 10, 169, 98, 11, 226, 65, 74, 105, 37, 98, 81, 17, 179, 54, 209, 36, 38, 221, 108, 214, 236, 102, 55, 219, 125, 239, 236, 99, 118, 118, 60, 5, 252, 206, 31, 124, 151, 79, 226, 127, 124, 150, 94, 13, 218, 122, 227, 229, 177, 96, 245, 149, 157, 92, 228, 252, 102, 1, 91, 19, 71, 249, 161, 193, 236, 170, 98, 120, 75, 255, 150, 35, 55, 223, 159, 124, 195, 57, 246, 37, 128, 231, 175, 250, 210, 226, 236, 250, 153, 147, 225, 252, 114, 220, 108, 78, 169, 74, 131, 82, 83, 38, 115, 100, 115, 103, 35, 194, 86, 90, 225, 210, 115, 55, 240, 7, 170, 27, 155, 123, 15, 45, 126, 242, 225, 235, 73, 190, 148, 124, 9, 224, 139, 157, 63, 103, 102, 134, 251, 55, 67, 86, 38, 220, 243, 107, 24, 110, 12, 199, 49, 209, 212, 30, 229, 110, 143, 15, 190, 30, 161, 211, 171, 178, 176, 184, 66, 214, 45, 87, 146, 91, 143, 60, 187, 244, 228, 59, 107, 242, 155, 183, 210, 193, 19, 161, 163, 235, 39, 172, 70, 216, 165, 196, 160, 52, 74, 92, 30, 196, 107, 5, 105, 213, 194, 228, 11, 35, 120, 34, 204, 83, 179, 121, 162, 134, 205, 120, 180, 18, 30, 157, 184, 181, 124, 97, 249, 155, 160, 144, 165, 238, 220, 88, 168, 153, 56, 240, 55, 25, 33, 129, 230, 7, 81, 36, 153, 86, 207, 231, 238, 161, 96, 183, 98, 49, 56, 228, 16, 16, 2, 201, 55, 208, 136, 17, 141, 253, 60, 101, 69, 254, 154, 23, 49, 211, 121, 53, 219, 104, 163, 138, 33, 60, 119, 152, 186, 108, 17, 12, 184, 72, 170, 132, 208, 85, 12, 75, 231, 244, 80, 139, 168, 237, 66, 95, 208, 109, 7, 9, 8, 176, 163, 201, 43, 162, 88, 210, 206, 151, 186, 14, 135, 185, 167, 49, 124, 155, 147, 193, 22, 118, 192, 165, 235, 73, 4, 76, 141, 49, 205, 196, 117, 77, 6, 35, 73, 58, 237, 1, 182, 183, 31, 135, 201, 219, 72, 52, 31, 19, 187, 7, 13, 123, 120, 116, 152, 221, 66, 130, 209, 72, 27, 79, 2, 83, 168, 128, 140, 166, 168, 68, 117, 29, 219, 0, 89, 72, 148, 251, 14, 106, 168, 72, 205, 115, 208, 212, 66, 64, 238, 52, 242, 249, 124, 165, 207, 163, 167, 190, 229, 168, 230, 177, 87, 213, 217, 169, 26, 236, 55, 116, 154, 157, 0, 122, 95, 96, 152, 41, 122, 74, 9, 101, 32, 69, 236, 225, 239, 16, 193, 123, 148, 114, 163, 174, 104, 213, 27, 63, 121, 129, 228, 229, 241, 7, 118, 241, 92, 153, 245, 157, 11, 72, 138, 140, 166, 128, 105, 41, 52, 164, 46, 74, 252, 55, 58, 218, 6, 21, 82, 20, 252, 61, 90, 53, 40, 101, 19, 119, 133, 227, 248, 31, 21, 74, 229, 203, 69, 238, 16, 29, 179, 80, 183, 71, 56, 200, 158, 198, 208, 29, 196, 128, 66, 88, 209, 232, 203, 91, 116, 216, 167, 224, 165, 169, 183, 202, 220, 79, 89, 228, 238, 61, 241, 177, 18, 154, 126, 45, 219, 235, 70, 102, 67, 83, 63, 60, 40, 217, 219, 196, 135, 183, 81, 252, 38, 185, 189, 24, 157, 182, 130, 110, 232, 88, 202, 89, 90, 197, 75, 164, 254, 73, 208, 114, 191, 39, 249, 227, 92, 38, 181, 249, 210, 21, 165, 248, 203, 87, 222, 196, 139, 179, 183, 133, 246, 247, 188, 30, 75, 219, 242, 192, 46, 93, 145, 35, 183, 126, 142, 126, 55, 134, 162, 11, 142, 234, 38, 155, 41, 147, 118, 239, 42, 27, 191, 143, 87, 114, 233, 153, 23, 14, 63, 93, 72, 75, 199, 147, 207, 93, 59, 147, 112, 26, 241, 207, 107, 213, 233, 139, 205, 210, 36, 205, 226, 4, 186, 169, 162, 90, 6, 138, 16, 76, 4, 45, 50, 197, 149, 204, 225, 125, 111, 110, 127, 245, 221, 63, 88, 147, 124, 105, 225, 198, 89, 86, 46, 174, 1, 112, 234, 173, 247, 212, 76, 122, 250, 25, 175, 47, 191, 141, 196, 57, 36, 217, 14, 136, 64, 45, 110, 105, 191, 186, 142, 191, 84, 119, 242, 215, 219, 215, 230, 235, 199, 193, 255, 0, 126, 108, 81, 130, 197, 233, 119, 240, 0, 0, 0, 0, 73, 69, 78, 68, 174, 66, 96, 130 };

uint8_t filter[626] = { 137, 80, 78, 71, 13, 10, 26, 10, 0, 0, 0, 13, 73, 72, 68, 82, 0, 0, 0, 15, 0, 0, 0, 15, 8, 6, 0, 0, 0, 59, 214, 149, 74, 0, 0, 0, 6, 98, 75, 71, 68, 0, 255, 0, 255, 0, 255, 160, 189, 167, 147, 0, 0, 0, 9, 112, 72, 89, 115, 0, 0, 11, 18, 0, 0, 11, 18, 1, 210, 221, 126, 252, 0, 0, 0, 7, 116, 73, 77, 69, 7, 224, 3, 17, 16, 38, 55, 18, 208, 126, 83, 0, 0, 1, 255, 73, 68, 65, 84, 40, 207, 173, 146, 187, 107, 147, 97, 20, 198, 127, 231, 205, 151, 75, 105, 67, 91, 68, 211, 34, 136, 22, 113, 112, 18, 177, 131, 32, 72, 69, 208, 73, 255, 1, 165, 139, 139, 155, 147, 127, 133, 226, 160, 20, 7, 29, 186, 120, 25, 164, 232, 166, 46, 14, 90, 169, 33, 67, 106, 235, 165, 177, 165, 246, 166, 95, 98, 46, 53, 105, 146, 239, 246, 30, 135, 18, 137, 165, 131, 160, 207, 116, 206, 195, 243, 59, 112, 14, 7, 254, 65, 242, 110, 174, 141, 8, 131, 169, 164, 104, 42, 33, 120, 129, 165, 217, 2, 63, 84, 154, 109, 197, 11, 192, 90, 197, 243, 161, 90, 87, 126, 212, 34, 138, 21, 43, 86, 181, 234, 180, 60, 141, 139, 145, 74, 111, 15, 56, 14, 128, 96, 45, 24, 3, 170, 32, 2, 97, 8, 97, 164, 68, 170, 168, 66, 179, 173, 68, 86, 19, 78, 110, 33, 208, 68, 92, 86, 198, 142, 39, 14, 236, 29, 48, 164, 146, 2, 186, 29, 246, 3, 168, 183, 148, 205, 134, 101, 163, 24, 177, 180, 166, 184, 101, 75, 246, 99, 176, 238, 5, 170, 177, 231, 79, 206, 217, 92, 45, 253, 104, 100, 191, 115, 33, 149, 52, 123, 122, 123, 132, 68, 92, 48, 49, 193, 11, 161, 229, 41, 245, 38, 184, 101, 171, 179, 133, 80, 222, 204, 250, 75, 98, 56, 51, 152, 150, 114, 236, 250, 237, 91, 188, 184, 83, 218, 42, 168, 243, 116, 32, 109, 206, 198, 99, 100, 250, 251, 68, 21, 164, 214, 176, 148, 170, 150, 213, 239, 86, 95, 229, 124, 153, 126, 239, 127, 240, 3, 189, 152, 127, 48, 84, 248, 154, 187, 129, 116, 95, 239, 212, 21, 247, 240, 249, 147, 169, 135, 199, 142, 196, 79, 28, 29, 113, 212, 243, 85, 22, 215, 34, 125, 57, 227, 201, 204, 188, 159, 175, 55, 245, 210, 252, 227, 161, 185, 78, 222, 25, 29, 119, 201, 78, 102, 0, 120, 125, 47, 243, 197, 106, 241, 242, 102, 67, 239, 70, 150, 211, 7, 135, 99, 44, 127, 139, 100, 97, 53, 124, 91, 170, 217, 171, 139, 83, 195, 115, 0, 163, 227, 46, 0, 38, 59, 153, 249, 221, 0, 76, 223, 223, 247, 169, 84, 177, 19, 107, 110, 68, 249, 167, 197, 173, 68, 12, 246, 153, 137, 197, 169, 225, 124, 55, 152, 157, 204, 96, 58, 69, 247, 128, 129, 180, 132, 65, 8, 27, 165, 237, 157, 183, 218, 218, 222, 9, 2, 56, 29, 160, 99, 0, 244, 246, 136, 180, 60, 203, 242, 134, 37, 95, 8, 249, 188, 18, 152, 157, 153, 63, 224, 110, 121, 129, 198, 183, 42, 74, 169, 102, 41, 86, 35, 26, 77, 141, 239, 150, 219, 21, 142, 44, 207, 252, 128, 67, 45, 79, 213, 90, 76, 204, 224, 254, 213, 179, 95, 187, 89, 221, 213, 239, 31, 91, 231, 191, 234, 23, 226, 163, 28, 148, 177, 92, 194, 52, 0, 0, 0, 0, 73, 69, 78, 68, 174, 66, 96, 130 };

uint8_t power[831] = {137, 80, 78, 71, 13, 10, 26, 10, 0, 0, 0, 13, 73, 72, 68, 82, 0, 0, 0, 15, 0, 0, 0, 15, 8, 6, 0, 0, 0, 59, 214, 149, 74, 0, 0, 0, 6, 98, 75, 71, 68, 0, 255, 0, 255, 0, 255, 160, 189, 167, 147, 0, 0, 0, 9, 112, 72, 89, 115, 0, 0, 11, 18, 0, 0, 11, 18, 1, 210, 221, 126, 252, 0, 0, 0, 7, 116, 73, 77, 69, 7, 224, 3, 17, 16, 44, 31, 221, 138, 62, 35, 0, 0, 2, 204, 73, 68, 65, 84, 40, 207, 85, 147, 75, 108, 84, 101, 28, 197, 127, 223, 119, 47, 119, 218, 59, 175, 218, 54, 113, 8, 68, 193, 22, 164, 3, 214, 128, 177, 209, 68, 18, 227, 138, 88, 109, 21, 141, 139, 46, 112, 97, 186, 208, 133, 113, 3, 75, 19, 93, 145, 174, 116, 211, 198, 173, 110, 32, 118, 69, 96, 33, 91, 77, 72, 80, 54, 125, 76, 1, 173, 153, 12, 52, 54, 117, 168, 211, 206, 204, 237, 220, 199, 247, 255, 187, 104, 104, 244, 172, 206, 226, 156, 205, 121, 24, 254, 131, 177, 149, 15, 251, 173, 177, 147, 158, 218, 43, 62, 118, 12, 165, 144, 72, 218, 137, 37, 89, 75, 36, 155, 203, 92, 122, 107, 99, 226, 246, 222, 83, 189, 121, 74, 206, 174, 206, 140, 8, 122, 35, 214, 164, 218, 136, 55, 137, 100, 15, 140, 2, 134, 62, 114, 12, 107, 9, 43, 166, 38, 170, 83, 143, 95, 251, 105, 253, 192, 252, 198, 253, 79, 78, 183, 93, 180, 178, 145, 110, 209, 76, 159, 224, 217, 128, 146, 13, 121, 46, 168, 208, 72, 54, 217, 149, 8, 167, 41, 5, 9, 41, 101, 253, 120, 206, 158, 121, 116, 254, 246, 170, 153, 88, 187, 148, 143, 37, 189, 187, 145, 110, 85, 155, 217, 54, 175, 231, 95, 102, 208, 43, 51, 232, 151, 248, 254, 248, 215, 92, 250, 253, 75, 182, 117, 135, 109, 217, 229, 78, 180, 76, 152, 5, 132, 73, 174, 102, 156, 78, 216, 88, 146, 139, 177, 38, 213, 102, 218, 228, 92, 88, 229, 230, 137, 111, 153, 29, 152, 38, 139, 82, 0, 178, 221, 152, 217, 194, 52, 55, 71, 190, 225, 92, 240, 34, 145, 31, 147, 145, 85, 19, 220, 69, 171, 202, 229, 70, 188, 73, 222, 43, 50, 59, 252, 62, 131, 94, 137, 123, 205, 26, 118, 79, 1, 176, 106, 184, 215, 189, 207, 224, 161, 50, 179, 197, 105, 10, 18, 210, 9, 98, 68, 229, 178, 13, 140, 127, 44, 146, 136, 146, 151, 103, 102, 232, 2, 203, 59, 15, 89, 104, 92, 231, 129, 54, 248, 238, 175, 69, 30, 180, 235, 44, 52, 23, 89, 238, 253, 193, 204, 225, 183, 41, 198, 125, 100, 214, 65, 42, 199, 124, 17, 41, 130, 146, 51, 1, 37, 155, 167, 153, 180, 104, 38, 143, 104, 210, 225, 183, 63, 191, 2, 53, 32, 61, 154, 105, 139, 151, 138, 163, 228, 122, 30, 228, 20, 39, 82, 180, 153, 184, 54, 198, 144, 106, 70, 134, 99, 40, 24, 160, 82, 122, 1, 76, 2, 125, 1, 20, 133, 74, 241, 56, 67, 254, 0, 153, 56, 210, 36, 5, 12, 78, 92, 219, 70, 210, 171, 247, 145, 163, 229, 218, 204, 111, 253, 200, 120, 249, 36, 87, 79, 126, 65, 197, 59, 2, 174, 75, 37, 119, 148, 171, 71, 62, 103, 188, 127, 148, 249, 250, 53, 90, 116, 48, 169, 193, 89, 169, 251, 34, 110, 110, 88, 203, 63, 60, 150, 45, 22, 254, 94, 228, 205, 252, 43, 124, 124, 248, 93, 206, 150, 79, 241, 196, 237, 48, 228, 15, 48, 222, 63, 202, 210, 206, 67, 22, 214, 175, 211, 13, 99, 188, 142, 69, 84, 230, 204, 137, 187, 83, 97, 79, 147, 95, 255, 49, 237, 106, 199, 235, 113, 202, 127, 158, 79, 203, 31, 240, 217, 209, 143, 240, 61, 159, 76, 28, 243, 245, 107, 44, 172, 239, 135, 72, 206, 98, 246, 164, 166, 153, 123, 213, 0, 140, 220, 121, 231, 244, 158, 246, 86, 90, 94, 151, 200, 239, 145, 151, 144, 129, 36, 228, 80, 100, 73, 211, 148, 22, 29, 186, 97, 140, 193, 66, 36, 144, 184, 51, 250, 222, 202, 234, 193, 182, 159, 253, 229, 173, 17, 167, 114, 35, 35, 171, 118, 130, 120, 191, 14, 246, 183, 109, 82, 131, 237, 8, 154, 73, 77, 85, 167, 116, 114, 105, 253, 127, 199, 0, 120, 230, 231, 243, 253, 78, 100, 82, 157, 94, 209, 76, 198, 68, 164, 224, 212, 117, 156, 145, 53, 49, 50, 167, 170, 183, 244, 194, 210, 193, 171, 254, 5, 130, 15, 121, 155, 165, 35, 169, 95, 0, 0, 0, 0, 73, 69, 78, 68, 174, 66, 96, 130};

uint8_t display[677] = {137, 80, 78, 71, 13, 10, 26, 10, 0, 0, 0, 13, 73, 72, 68, 82, 0, 0, 0, 15, 0, 0, 0, 15, 8, 6, 0, 0, 0, 59, 214, 149, 74, 0, 0, 0, 6, 98, 75, 71, 68, 0, 255, 0, 255, 0, 255, 160, 189, 167, 147, 0, 0, 0, 9, 112, 72, 89, 115, 0, 0, 11, 19, 0, 0, 11, 19, 1, 0, 154, 156, 24, 0, 0, 0, 7, 116, 73, 77, 69, 7, 224, 3, 17, 16, 45, 18, 186, 32, 115, 223, 0, 0, 2, 50, 73, 68, 65, 84, 40, 207, 149, 145, 191, 111, 141, 97, 24, 134, 175, 231, 253, 222, 115, 78, 91, 190, 230, 164, 201, 233, 166, 105, 197, 208, 217, 212, 16, 12, 157, 144, 232, 32, 209, 96, 20, 225, 79, 48, 144, 72, 252, 3, 98, 32, 66, 76, 12, 36, 36, 101, 40, 17, 209, 26, 42, 49, 116, 163, 164, 152, 80, 13, 231, 180, 231, 180, 231, 251, 249, 190, 239, 99, 56, 24, 202, 192, 179, 221, 195, 125, 95, 79, 238, 91, 230, 231, 22, 78, 137, 200, 77, 254, 243, 84, 245, 140, 188, 152, 127, 169, 251, 246, 79, 144, 22, 14, 249, 23, 19, 208, 95, 181, 204, 61, 95, 192, 58, 231, 55, 210, 194, 197, 83, 23, 110, 176, 109, 112, 16, 52, 192, 95, 98, 4, 37, 136, 33, 233, 116, 152, 185, 116, 26, 239, 195, 134, 245, 190, 20, 17, 168, 199, 117, 134, 15, 28, 193, 102, 29, 48, 22, 81, 221, 146, 161, 164, 149, 152, 214, 252, 12, 34, 16, 124, 41, 214, 59, 7, 8, 70, 160, 81, 51, 224, 12, 26, 41, 170, 91, 201, 16, 87, 133, 117, 233, 41, 239, 61, 182, 112, 14, 81, 143, 136, 16, 89, 75, 42, 6, 231, 33, 15, 74, 248, 25, 16, 9, 212, 68, 176, 38, 2, 17, 36, 56, 242, 162, 196, 186, 188, 36, 219, 92, 199, 5, 229, 155, 51, 164, 185, 98, 140, 32, 8, 191, 224, 162, 144, 134, 64, 40, 45, 101, 80, 242, 206, 26, 105, 183, 139, 205, 210, 132, 181, 230, 26, 69, 210, 162, 30, 71, 212, 202, 106, 143, 240, 71, 205, 1, 83, 55, 172, 118, 91, 180, 214, 218, 36, 73, 23, 155, 23, 5, 157, 118, 135, 224, 50, 6, 135, 193, 132, 58, 209, 95, 188, 4, 168, 52, 192, 187, 140, 118, 187, 77, 158, 229, 216, 60, 207, 117, 61, 233, 34, 159, 94, 243, 254, 234, 101, 92, 94, 252, 46, 89, 183, 140, 102, 106, 85, 162, 207, 75, 172, 111, 238, 38, 73, 19, 181, 69, 89, 198, 216, 26, 199, 14, 79, 18, 137, 252, 252, 48, 160, 210, 51, 254, 90, 76, 140, 0, 66, 216, 57, 137, 218, 10, 73, 150, 199, 114, 254, 220, 197, 179, 206, 251, 107, 70, 228, 55, 38, 132, 160, 193, 7, 17, 35, 160, 16, 69, 145, 34, 210, 19, 10, 65, 3, 69, 94, 92, 177, 203, 239, 150, 111, 197, 113, 60, 235, 125, 72, 158, 60, 126, 154, 76, 77, 29, 154, 28, 25, 29, 153, 25, 219, 181, 147, 230, 247, 38, 38, 50, 124, 88, 254, 40, 43, 95, 190, 78, 45, 190, 90, 124, 182, 119, 223, 158, 1, 132, 1, 99, 164, 41, 0, 211, 71, 79, 244, 13, 13, 13, 93, 31, 31, 31, 63, 216, 63, 208, 199, 241, 147, 211, 141, 237, 241, 118, 84, 123, 192, 175, 43, 171, 204, 220, 127, 248, 173, 155, 38, 44, 189, 121, 59, 219, 106, 182, 206, 60, 120, 116, 47, 179, 0, 181, 90, 191, 173, 86, 107, 19, 163, 99, 59, 26, 89, 150, 115, 231, 246, 93, 146, 110, 66, 8, 30, 31, 60, 149, 74, 132, 136, 52, 42, 85, 67, 80, 157, 136, 42, 85, 11, 240, 3, 192, 219, 26, 189, 27, 68, 190, 3, 0, 0, 0, 0, 73, 69, 78, 68, 174, 66, 96, 130};

uint8_t tools[963] = {137, 80, 78, 71, 13, 10, 26, 10, 0, 0, 0, 13, 73, 72, 68, 82, 0, 0, 0, 15, 0, 0, 0, 15, 8, 6, 0, 0, 0, 59, 214, 149, 74, 0, 0, 0, 6, 98, 75, 71, 68, 0, 255, 0, 255, 0, 255, 160, 189, 167, 147, 0, 0, 0, 9, 112, 72, 89, 115, 0, 0, 11, 19, 0, 0, 11, 19, 1, 0, 154, 156, 24, 0, 0, 0, 7, 116, 73, 77, 69, 7, 224, 3, 17, 16, 46, 9, 27, 104, 233, 240, 0, 0, 3, 80, 73, 68, 65, 84, 40, 207, 77, 147, 107, 76, 147, 7, 20, 134, 223, 239, 107, 191, 181, 92, 108, 75, 75, 177, 253, 104, 171, 161, 180, 165, 131, 174, 142, 177, 50, 96, 56, 12, 42, 209, 141, 45, 219, 200, 52, 234, 162, 168, 63, 24, 66, 240, 7, 115, 46, 110, 137, 33, 89, 54, 119, 51, 139, 69, 9, 114, 201, 24, 172, 12, 97, 66, 105, 215, 77, 148, 120, 9, 202, 197, 9, 93, 218, 234, 50, 92, 221, 202, 45, 220, 202, 160, 229, 218, 246, 219, 143, 165, 157, 231, 215, 73, 222, 243, 36, 239, 201, 123, 14, 209, 80, 215, 2, 128, 36, 151, 215, 252, 40, 59, 113, 60, 100, 251, 229, 6, 246, 20, 228, 227, 169, 98, 57, 29, 15, 141, 44, 146, 85, 196, 48, 204, 43, 218, 84, 141, 43, 44, 144, 32, 72, 118, 48, 20, 168, 36, 8, 226, 36, 0, 236, 41, 200, 199, 69, 99, 125, 132, 172, 111, 104, 254, 116, 212, 237, 46, 225, 198, 112, 226, 1, 166, 178, 255, 238, 144, 244, 127, 24, 144, 250, 87, 151, 206, 197, 242, 162, 191, 184, 211, 215, 255, 33, 0, 148, 150, 29, 67, 115, 99, 59, 0, 32, 184, 22, 108, 154, 152, 156, 186, 110, 183, 59, 2, 108, 46, 167, 152, 39, 224, 15, 222, 234, 237, 75, 7, 0, 214, 75, 25, 250, 37, 113, 60, 205, 87, 167, 36, 103, 37, 210, 146, 204, 231, 117, 134, 251, 157, 230, 142, 63, 51, 178, 50, 81, 244, 230, 62, 162, 164, 180, 120, 122, 168, 219, 209, 154, 158, 171, 207, 217, 8, 4, 147, 212, 90, 37, 143, 67, 81, 71, 243, 182, 239, 104, 34, 194, 22, 186, 59, 109, 95, 165, 233, 83, 95, 251, 219, 227, 9, 124, 254, 181, 113, 151, 181, 211, 52, 17, 214, 76, 223, 95, 85, 205, 45, 204, 92, 101, 83, 84, 170, 116, 179, 4, 249, 59, 183, 99, 228, 87, 123, 61, 171, 189, 173, 11, 109, 87, 90, 97, 106, 109, 185, 166, 144, 43, 205, 12, 129, 67, 180, 56, 174, 116, 239, 179, 82, 179, 237, 222, 240, 194, 101, 227, 165, 44, 90, 145, 88, 183, 236, 247, 111, 155, 157, 153, 113, 132, 130, 76, 239, 250, 250, 186, 54, 42, 138, 171, 33, 0, 160, 174, 230, 91, 28, 47, 57, 12, 0, 104, 239, 250, 73, 177, 54, 59, 222, 58, 234, 221, 120, 198, 77, 231, 218, 222, 137, 253, 107, 159, 111, 113, 94, 57, 236, 252, 189, 105, 110, 106, 174, 186, 182, 177, 230, 254, 197, 75, 13, 29, 18, 137, 248, 173, 136, 237, 131, 23, 110, 160, 165, 252, 191, 136, 74, 206, 255, 168, 139, 83, 105, 31, 240, 164, 52, 155, 112, 220, 134, 103, 176, 183, 186, 186, 250, 124, 89, 120, 246, 84, 229, 153, 151, 105, 133, 188, 150, 5, 0, 57, 85, 183, 96, 61, 181, 3, 0, 240, 122, 141, 93, 147, 168, 75, 251, 108, 171, 74, 166, 98, 192, 144, 206, 121, 192, 19, 255, 130, 47, 218, 240, 46, 77, 9, 13, 3, 139, 46, 75, 232, 141, 221, 59, 189, 94, 255, 234, 16, 161, 47, 239, 134, 253, 66, 33, 0, 224, 213, 111, 6, 117, 42, 245, 230, 54, 153, 92, 148, 66, 18, 204, 198, 111, 174, 169, 113, 86, 204, 38, 129, 128, 207, 17, 184, 199, 230, 66, 143, 156, 99, 38, 87, 85, 222, 161, 72, 206, 97, 48, 189, 194, 98, 144, 201, 133, 150, 4, 90, 148, 50, 235, 93, 65, 255, 192, 147, 166, 17, 231, 244, 174, 24, 110, 168, 223, 235, 95, 134, 74, 38, 32, 83, 116, 91, 14, 170, 78, 95, 55, 63, 125, 36, 208, 28, 254, 174, 72, 159, 171, 177, 196, 208, 34, 133, 103, 114, 1, 247, 110, 187, 26, 92, 35, 227, 39, 70, 206, 230, 140, 122, 254, 152, 182, 197, 113, 200, 149, 137, 197, 21, 104, 100, 124, 60, 247, 162, 178, 112, 203, 251, 215, 44, 0, 192, 74, 62, 210, 124, 76, 155, 183, 173, 150, 43, 22, 10, 230, 103, 150, 2, 119, 173, 3, 95, 250, 252, 84, 197, 67, 99, 65, 0, 0, 30, 89, 106, 6, 4, 105, 111, 243, 146, 147, 196, 153, 79, 22, 86, 200, 36, 97, 52, 162, 18, 132, 234, 101, 126, 54, 197, 142, 86, 202, 46, 251, 68, 98, 226, 159, 199, 147, 129, 199, 55, 135, 207, 142, 253, 80, 252, 9, 0, 24, 62, 234, 129, 132, 22, 193, 92, 154, 14, 91, 101, 246, 7, 190, 143, 123, 200, 236, 2, 93, 197, 42, 155, 69, 37, 37, 108, 194, 131, 96, 40, 22, 242, 35, 45, 251, 85, 103, 122, 2, 178, 3, 141, 133, 225, 93, 182, 30, 53, 69, 30, 99, 247, 185, 190, 72, 175, 63, 217, 85, 85, 110, 117, 175, 103, 156, 254, 217, 170, 126, 175, 131, 250, 23, 132, 222, 73, 232, 57, 126, 148, 115, 0, 0, 0, 0, 73, 69, 78, 68, 174, 66, 96, 130};

uint8_t drive[626] = {137, 80, 78, 71, 13, 10, 26, 10, 0, 0, 0, 13, 73, 72, 68, 82, 0, 0, 0, 15, 0, 0, 0, 15, 8, 6, 0, 0, 0, 59, 214, 149, 74, 0, 0, 0, 6, 98, 75, 71, 68, 0, 255, 0, 255, 0, 255, 160, 189, 167, 147, 0, 0, 0, 9, 112, 72, 89, 115, 0, 0, 11, 19, 0, 0, 11, 19, 1, 0, 154, 156, 24, 0, 0, 0, 7, 116, 73, 77, 69, 7, 224, 3, 17, 16, 46, 37, 41, 176, 133, 19, 0, 0, 1, 255, 73, 68, 65, 84, 40, 207, 197, 146, 191, 79, 19, 113, 20, 192, 63, 239, 123, 223, 107, 161, 223, 43, 16, 35, 41, 11, 33, 26, 23, 19, 13, 147, 70, 126, 56, 56, 56, 25, 53, 234, 164, 139, 81, 23, 119, 7, 252, 11, 212, 200, 72, 28, 28, 144, 16, 19, 22, 212, 5, 141, 154, 16, 7, 9, 58, 24, 18, 43, 202, 70, 165, 84, 40, 180, 22, 132, 94, 237, 245, 218, 187, 115, 64, 66, 34, 49, 198, 56, 248, 153, 94, 242, 222, 231, 229, 229, 189, 7, 255, 202, 208, 189, 251, 127, 85, 63, 50, 250, 16, 0, 25, 30, 25, 229, 218, 149, 203, 236, 77, 29, 148, 129, 129, 235, 157, 198, 52, 75, 163, 222, 216, 37, 216, 182, 13, 160, 198, 199, 31, 45, 188, 154, 124, 25, 77, 60, 123, 142, 108, 39, 135, 31, 140, 158, 50, 142, 243, 84, 107, 69, 208, 8, 118, 201, 150, 101, 97, 105, 11, 144, 51, 231, 206, 158, 158, 0, 182, 228, 91, 183, 7, 207, 119, 119, 31, 126, 220, 215, 215, 139, 235, 86, 126, 59, 174, 113, 76, 52, 59, 251, 81, 222, 76, 191, 189, 112, 115, 224, 198, 19, 185, 115, 119, 240, 162, 210, 177, 177, 99, 71, 143, 68, 217, 197, 156, 136, 8, 34, 178, 213, 54, 218, 214, 34, 64, 136, 162, 144, 84, 42, 21, 205, 188, 155, 145, 236, 66, 230, 146, 78, 36, 204, 88, 255, 241, 254, 104, 249, 75, 94, 58, 82, 237, 84, 190, 87, 105, 138, 199, 9, 195, 16, 68, 80, 34, 132, 97, 72, 217, 173, 208, 240, 53, 95, 87, 42, 210, 211, 219, 19, 85, 171, 149, 49, 141, 192, 129, 125, 251, 37, 102, 219, 56, 38, 73, 177, 88, 196, 113, 12, 190, 95, 71, 89, 10, 75, 41, 148, 82, 204, 207, 47, 209, 72, 126, 198, 245, 92, 140, 57, 33, 205, 9, 167, 174, 243, 249, 2, 51, 239, 211, 44, 230, 114, 180, 38, 91, 88, 45, 20, 72, 58, 73, 124, 191, 134, 178, 44, 148, 64, 92, 27, 38, 167, 95, 115, 242, 106, 154, 98, 115, 158, 169, 161, 57, 172, 32, 110, 235, 205, 141, 13, 50, 153, 12, 203, 185, 37, 90, 218, 90, 41, 149, 74, 24, 199, 224, 85, 61, 148, 82, 40, 75, 209, 20, 75, 80, 200, 101, 153, 152, 42, 177, 25, 171, 179, 54, 247, 137, 142, 246, 78, 116, 205, 171, 240, 33, 157, 198, 45, 187, 232, 101, 141, 95, 171, 161, 181, 77, 16, 4, 68, 81, 244, 243, 76, 138, 184, 214, 100, 95, 180, 81, 175, 27, 186, 58, 186, 40, 151, 203, 232, 149, 252, 234, 90, 61, 88, 218, 35, 191, 108, 118, 39, 222, 33, 22, 104, 236, 200, 226, 219, 250, 58, 97, 24, 172, 105, 207, 243, 14, 53, 194, 32, 102, 137, 252, 241, 45, 149, 82, 32, 224, 121, 85, 180, 214, 62, 255, 141, 31, 215, 47, 204, 73, 157, 16, 144, 178, 0, 0, 0, 0, 73, 69, 78, 68, 174, 66, 96, 130};

uint8_t joystick[664] = {137, 80, 78, 71, 13, 10, 26, 10, 0, 0, 0, 13, 73, 72, 68, 82, 0, 0, 0, 15, 0, 0, 0, 15, 8, 6, 0, 0, 0, 59, 214, 149, 74, 0, 0, 0, 6, 98, 75, 71, 68, 0, 255, 0, 255, 0, 255, 160, 189, 167, 147, 0, 0, 0, 9, 112, 72, 89, 115, 0, 0, 11, 19, 0, 0, 11, 19, 1, 0, 154, 156, 24, 0, 0, 0, 7, 116, 73, 77, 69, 7, 224, 3, 17, 16, 47, 3, 226, 166, 49, 175, 0, 0, 2, 37, 73, 68, 65, 84, 40, 207, 141, 146, 207, 75, 20, 113, 24, 135, 159, 239, 204, 236, 140, 251, 99, 54, 55, 119, 93, 130, 101, 15, 130, 80, 152, 36, 74, 7, 137, 8, 22, 161, 67, 80, 55, 33, 207, 66, 209, 73, 58, 244, 15, 120, 233, 46, 221, 186, 4, 158, 131, 136, 204, 168, 131, 16, 68, 132, 173, 80, 24, 17, 130, 237, 178, 236, 50, 58, 191, 218, 193, 213, 89, 102, 231, 219, 33, 13, 217, 180, 122, 78, 159, 23, 222, 15, 47, 188, 60, 112, 12, 93, 215, 1, 88, 130, 145, 87, 134, 241, 244, 205, 192, 192, 234, 18, 92, 0, 16, 66, 240, 47, 76, 53, 147, 185, 115, 205, 52, 95, 172, 77, 79, 219, 239, 43, 21, 231, 74, 34, 241, 9, 93, 127, 4, 156, 235, 95, 86, 251, 230, 193, 235, 149, 202, 194, 221, 197, 197, 155, 171, 66, 164, 94, 43, 74, 242, 234, 236, 108, 113, 63, 8, 138, 141, 70, 227, 25, 96, 253, 173, 172, 0, 165, 252, 208, 208, 197, 203, 147, 147, 153, 66, 46, 199, 151, 205, 205, 131, 106, 181, 250, 50, 8, 130, 231, 64, 208, 191, 124, 156, 142, 231, 121, 31, 107, 181, 154, 237, 186, 46, 174, 235, 210, 108, 54, 15, 130, 32, 120, 11, 216, 156, 112, 233, 56, 61, 199, 113, 190, 54, 26, 141, 111, 97, 24, 18, 69, 17, 150, 101, 213, 219, 237, 246, 6, 16, 158, 90, 214, 52, 237, 40, 182, 119, 119, 119, 55, 234, 245, 186, 103, 219, 118, 232, 121, 222, 7, 160, 117, 210, 119, 127, 151, 163, 40, 58, 138, 254, 214, 214, 214, 187, 102, 179, 233, 250, 190, 191, 95, 171, 213, 214, 128, 70, 127, 81, 211, 52, 52, 195, 48, 8, 195, 176, 12, 92, 2, 34, 64, 134, 97, 56, 114, 152, 35, 41, 229, 121, 224, 6, 16, 3, 9, 224, 115, 58, 157, 254, 190, 183, 183, 39, 5, 64, 50, 153, 188, 63, 63, 63, 127, 47, 153, 76, 170, 157, 78, 71, 74, 41, 19, 19, 19, 19, 103, 125, 223, 79, 172, 172, 172, 252, 24, 30, 30, 238, 140, 142, 142, 198, 65, 16, 200, 229, 229, 229, 199, 142, 227, 60, 4, 98, 85, 215, 245, 11, 99, 99, 99, 11, 51, 51, 51, 83, 217, 108, 118, 208, 52, 205, 28, 144, 109, 181, 90, 137, 237, 237, 109, 85, 81, 148, 212, 248, 248, 248, 25, 223, 247, 7, 75, 165, 82, 206, 182, 237, 1, 219, 182, 171, 81, 20, 89, 170, 170, 170, 15, 230, 230, 230, 110, 165, 82, 41, 67, 74, 137, 174, 235, 100, 50, 25, 76, 211, 164, 80, 40, 80, 46, 151, 73, 167, 211, 20, 139, 69, 0, 242, 249, 124, 126, 125, 125, 93, 116, 187, 221, 85, 173, 215, 235, 77, 238, 236, 236, 152, 150, 245, 75, 30, 33, 196, 31, 30, 75, 41, 81, 20, 133, 56, 142, 17, 66, 164, 162, 40, 154, 2, 132, 0, 158, 24, 134, 49, 37, 165, 140, 249, 15, 132, 16, 106, 183, 219, 221, 148, 82, 222, 22, 128, 9, 100, 79, 16, 230, 52, 226, 67, 77, 219, 63, 1, 208, 5, 234, 92, 66, 179, 25, 149, 0, 0, 0, 0, 73, 69, 78, 68, 174, 66, 96, 130};

uint8_t plug[738] = {137, 80, 78, 71, 13, 10, 26, 10, 0, 0, 0, 13, 73, 72, 68, 82, 0, 0, 0, 15, 0, 0, 0, 15, 8, 6, 0, 0, 0, 59, 214, 149, 74, 0, 0, 0, 6, 98, 75, 71, 68, 0, 255, 0, 255, 0, 255, 160, 189, 167, 147, 0, 0, 0, 9, 112, 72, 89, 115, 0, 0, 11, 19, 0, 0, 11, 19, 1, 0, 154, 156, 24, 0, 0, 0, 7, 116, 73, 77, 69, 7, 224, 3, 17, 16, 47, 45, 62, 112, 60, 96, 0, 0, 2, 111, 73, 68, 65, 84, 40, 207, 141, 83, 223, 75, 83, 113, 28, 61, 223, 123, 191, 247, 123, 119, 183, 171, 51, 6, 27, 105, 15, 149, 195, 185, 18, 179, 101, 15, 250, 146, 211, 9, 43, 157, 56, 31, 165, 64, 144, 8, 33, 202, 87, 133, 48, 168, 232, 49, 250, 11, 234, 69, 35, 40, 9, 95, 194, 32, 205, 7, 197, 10, 125, 137, 32, 167, 81, 160, 195, 54, 83, 239, 116, 211, 187, 251, 99, 223, 94, 182, 135, 150, 81, 159, 231, 115, 248, 156, 207, 249, 156, 67, 240, 31, 51, 56, 56, 232, 171, 174, 174, 137, 51, 38, 125, 162, 84, 124, 63, 50, 50, 106, 1, 128, 112, 20, 88, 81, 20, 2, 192, 1, 64, 110, 109, 109, 57, 174, 105, 218, 149, 88, 172, 239, 30, 165, 236, 218, 244, 244, 180, 163, 132, 35, 127, 89, 118, 74, 81, 148, 59, 146, 36, 121, 130, 193, 51, 139, 99, 99, 15, 135, 38, 39, 159, 207, 76, 77, 189, 120, 28, 14, 119, 124, 174, 172, 84, 89, 99, 227, 57, 253, 15, 50, 33, 196, 207, 24, 123, 208, 214, 214, 214, 3, 112, 163, 161, 225, 162, 188, 185, 153, 124, 59, 49, 241, 244, 126, 56, 28, 249, 224, 118, 187, 234, 99, 177, 248, 208, 218, 218, 202, 51, 90, 174, 88, 85, 213, 238, 230, 230, 230, 222, 64, 32, 192, 108, 219, 118, 44, 46, 206, 102, 230, 231, 23, 50, 140, 177, 204, 250, 250, 215, 179, 209, 232, 205, 235, 117, 117, 193, 254, 185, 185, 153, 47, 229, 228, 170, 138, 138, 138, 78, 175, 215, 43, 165, 211, 105, 24, 134, 129, 64, 160, 222, 109, 24, 102, 223, 242, 242, 50, 239, 237, 237, 71, 109, 109, 176, 99, 96, 160, 255, 46, 99, 210, 203, 114, 178, 36, 8, 130, 159, 82, 74, 118, 119, 119, 145, 207, 231, 145, 76, 38, 225, 112, 40, 178, 199, 227, 233, 49, 77, 203, 57, 60, 124, 227, 145, 105, 26, 175, 82, 169, 212, 102, 57, 249, 180, 174, 235, 199, 44, 203, 130, 166, 237, 33, 147, 217, 195, 254, 126, 14, 132, 0, 62, 95, 141, 58, 62, 254, 36, 167, 105, 59, 231, 45, 203, 74, 3, 0, 5, 0, 73, 146, 4, 211, 52, 67, 140, 177, 209, 166, 166, 166, 170, 84, 234, 39, 178, 89, 29, 133, 130, 0, 85, 117, 67, 20, 5, 200, 178, 12, 89, 86, 156, 156, 243, 173, 210, 151, 74, 110, 171, 46, 151, 235, 93, 123, 123, 251, 5, 219, 6, 182, 183, 179, 160, 148, 130, 49, 9, 166, 105, 224, 224, 224, 0, 59, 59, 91, 216, 216, 248, 254, 218, 178, 204, 219, 162, 40, 174, 217, 182, 205, 75, 178, 117, 93, 63, 252, 177, 178, 146, 200, 133, 66, 173, 46, 192, 9, 77, 75, 23, 150, 150, 62, 30, 138, 34, 213, 10, 5, 123, 85, 215, 15, 223, 216, 182, 53, 9, 96, 213, 182, 237, 223, 110, 237, 166, 148, 230, 34, 145, 136, 225, 247, 7, 243, 209, 104, 31, 167, 84, 90, 0, 208, 9, 224, 36, 128, 26, 0, 206, 163, 210, 116, 153, 16, 146, 237, 234, 234, 226, 148, 210, 156, 32, 136, 179, 138, 226, 252, 6, 160, 229, 159, 161, 23, 4, 193, 136, 199, 227, 156, 16, 146, 3, 112, 21, 128, 23, 192, 9, 128, 184, 1, 168, 0, 92, 0, 20, 0, 50, 0, 169, 104, 178, 0, 128, 136, 156, 115, 158, 72, 36, 46, 113, 206, 111, 1, 152, 47, 22, 130, 0, 96, 69, 176, 84, 4, 11, 229, 69, 250, 5, 13, 97, 232, 174, 143, 195, 155, 243, 0, 0, 0, 0, 73, 69, 78, 68, 174, 66, 96, 130};

uint8_t disk[757] = {137, 80, 78, 71, 13, 10, 26, 10, 0, 0, 0, 13, 73, 72, 68, 82, 0, 0, 0, 15, 0, 0, 0, 15, 8, 6, 0, 0, 0, 59, 214, 149, 74, 0, 0, 0, 6, 98, 75, 71, 68, 0, 255, 0, 255, 0, 255, 160, 189, 167, 147, 0, 0, 0, 9, 112, 72, 89, 115, 0, 0, 11, 19, 0, 0, 11, 19, 1, 0, 154, 156, 24, 0, 0, 0, 7, 116, 73, 77, 69, 7, 224, 3, 17, 16, 48, 52, 151, 65, 154, 62, 0, 0, 2, 130, 73, 68, 65, 84, 40, 207, 69, 145, 77, 107, 156, 85, 24, 134, 175, 115, 230, 204, 103, 210, 52, 173, 86, 204, 164, 163, 162, 197, 66, 33, 186, 118, 235, 66, 92, 84, 20, 151, 21, 255, 128, 136, 91, 215, 254, 21, 127, 131, 93, 107, 169, 20, 65, 26, 52, 197, 84, 98, 168, 72, 117, 226, 12, 51, 153, 118, 62, 222, 247, 61, 207, 115, 206, 121, 92, 68, 241, 222, 220, 203, 235, 130, 203, 125, 245, 96, 102, 190, 221, 70, 205, 115, 217, 54, 244, 123, 221, 84, 48, 193, 24, 224, 192, 59, 79, 8, 109, 90, 222, 83, 61, 95, 242, 224, 220, 51, 89, 234, 155, 211, 105, 117, 26, 138, 193, 199, 183, 118, 248, 118, 154, 248, 168, 76, 25, 189, 126, 57, 128, 5, 204, 192, 245, 88, 204, 23, 124, 247, 232, 55, 246, 119, 251, 188, 54, 220, 166, 61, 124, 197, 238, 62, 156, 156, 236, 108, 181, 222, 242, 162, 133, 251, 83, 225, 248, 92, 121, 50, 171, 168, 159, 173, 57, 155, 110, 24, 79, 214, 168, 10, 223, 31, 62, 230, 235, 113, 139, 111, 126, 254, 131, 135, 191, 62, 229, 175, 117, 114, 239, 30, 92, 177, 237, 126, 56, 10, 41, 25, 237, 2, 237, 226, 40, 73, 136, 49, 162, 234, 49, 203, 228, 186, 162, 219, 238, 50, 188, 185, 207, 206, 180, 198, 103, 161, 110, 140, 220, 242, 238, 165, 237, 64, 208, 40, 196, 92, 104, 82, 70, 98, 36, 139, 144, 178, 199, 74, 65, 82, 38, 106, 195, 249, 225, 9, 187, 101, 70, 51, 186, 68, 202, 133, 74, 140, 117, 163, 132, 106, 29, 17, 115, 68, 23, 216, 68, 69, 36, 34, 169, 133, 51, 99, 182, 88, 177, 55, 220, 227, 147, 248, 59, 157, 193, 53, 22, 106, 84, 120, 182, 82, 66, 53, 19, 90, 193, 83, 43, 172, 206, 254, 228, 135, 39, 99, 198, 227, 25, 13, 1, 135, 97, 102, 116, 58, 109, 250, 189, 14, 221, 205, 115, 126, 25, 175, 88, 191, 241, 148, 237, 253, 61, 82, 76, 4, 209, 204, 166, 81, 110, 135, 25, 47, 188, 125, 131, 226, 60, 56, 135, 3, 112, 142, 255, 230, 157, 227, 157, 23, 19, 171, 56, 227, 126, 188, 134, 74, 33, 72, 42, 172, 37, 241, 254, 193, 203, 92, 218, 189, 202, 163, 163, 199, 56, 10, 81, 34, 26, 5, 85, 37, 37, 101, 62, 159, 243, 193, 135, 183, 73, 177, 225, 238, 105, 66, 36, 17, 44, 27, 181, 26, 154, 141, 208, 105, 179, 63, 26, 226, 48, 82, 206, 148, 156, 201, 165, 80, 74, 97, 84, 215, 244, 6, 3, 206, 55, 21, 149, 22, 68, 19, 33, 107, 166, 74, 25, 51, 227, 217, 98, 201, 209, 79, 199, 56, 10, 117, 108, 144, 38, 34, 34, 168, 10, 211, 201, 132, 59, 159, 222, 33, 120, 168, 165, 144, 98, 38, 168, 38, 74, 50, 0, 218, 29, 207, 171, 55, 174, 19, 188, 191, 32, 90, 193, 138, 225, 48, 234, 170, 97, 176, 213, 67, 234, 154, 181, 216, 5, 185, 88, 98, 29, 11, 222, 57, 150, 203, 134, 195, 31, 143, 193, 10, 85, 93, 209, 212, 21, 77, 211, 32, 18, 57, 27, 143, 249, 252, 139, 207, 184, 178, 51, 96, 83, 23, 68, 10, 97, 110, 125, 92, 191, 75, 189, 249, 155, 155, 183, 134, 140, 222, 59, 192, 7, 135, 153, 1, 134, 149, 11, 43, 21, 101, 48, 188, 202, 233, 201, 132, 213, 96, 72, 214, 136, 187, 254, 229, 61, 203, 230, 209, 74, 88, 107, 6, 184, 200, 196, 255, 153, 0, 236, 223, 15, 45, 71, 207, 21, 182, 118, 250, 252, 3, 134, 43, 166, 116, 104, 133, 112, 229, 0, 0, 0, 0, 73, 69, 78, 68, 174, 66, 96, 130};

uint8_t script[719] = {137, 80, 78, 71, 13, 10, 26, 10, 0, 0, 0, 13, 73, 72, 68, 82, 0, 0, 0, 15, 0, 0, 0, 15, 8, 6, 0, 0, 0, 59, 214, 149, 74, 0, 0, 0, 6, 98, 75, 71, 68, 0, 255, 0, 255, 0, 255, 160, 189, 167, 147, 0, 0, 0, 9, 112, 72, 89, 115, 0, 0, 11, 19, 0, 0, 11, 19, 1, 0, 154, 156, 24, 0, 0, 0, 7, 116, 73, 77, 69, 7, 224, 3, 17, 16, 49, 52, 142, 90, 171, 127, 0, 0, 2, 92, 73, 68, 65, 84, 40, 207, 117, 146, 75, 72, 21, 113, 20, 198, 127, 103, 230, 127, 31, 163, 222, 82, 175, 72, 15, 31, 21, 146, 73, 36, 153, 5, 229, 162, 18, 11, 34, 218, 180, 9, 90, 212, 58, 218, 68, 139, 32, 136, 114, 81, 109, 107, 17, 109, 90, 181, 136, 162, 85, 155, 66, 233, 33, 17, 21, 65, 17, 4, 46, 50, 210, 40, 95, 117, 201, 199, 77, 239, 29, 231, 206, 204, 255, 180, 208, 76, 165, 62, 248, 86, 231, 124, 231, 59, 47, 97, 1, 79, 47, 57, 70, 28, 183, 75, 196, 189, 2, 236, 228, 159, 176, 88, 241, 8, 210, 77, 63, 98, 83, 117, 72, 0, 158, 94, 68, 128, 189, 233, 202, 198, 231, 205, 71, 174, 81, 179, 249, 8, 16, 173, 16, 122, 76, 127, 233, 229, 125, 239, 117, 10, 115, 10, 72, 159, 1, 176, 17, 94, 106, 85, 246, 124, 253, 238, 83, 100, 55, 237, 160, 248, 253, 62, 138, 34, 8, 0, 170, 17, 94, 182, 131, 225, 55, 55, 152, 43, 250, 163, 56, 94, 4, 212, 27, 0, 181, 36, 220, 132, 183, 175, 182, 185, 139, 96, 234, 45, 216, 0, 17, 103, 209, 83, 108, 132, 0, 126, 126, 140, 178, 254, 15, 91, 59, 111, 147, 7, 48, 127, 226, 32, 94, 170, 34, 131, 159, 27, 3, 113, 151, 53, 172, 26, 131, 150, 80, 27, 19, 212, 82, 3, 243, 98, 103, 73, 10, 106, 231, 80, 235, 163, 182, 184, 130, 179, 104, 28, 224, 85, 54, 144, 202, 84, 180, 245, 156, 155, 215, 57, 243, 149, 137, 64, 63, 22, 39, 134, 112, 147, 89, 52, 154, 129, 184, 184, 140, 145, 63, 204, 218, 214, 163, 184, 201, 178, 211, 196, 36, 151, 58, 7, 54, 10, 238, 124, 239, 127, 76, 162, 124, 3, 26, 77, 161, 182, 176, 72, 108, 64, 152, 127, 75, 245, 198, 54, 50, 107, 182, 117, 166, 171, 50, 237, 79, 46, 44, 12, 103, 95, 97, 91, 247, 248, 57, 27, 249, 199, 171, 26, 118, 149, 153, 100, 2, 27, 140, 128, 198, 160, 33, 104, 136, 70, 191, 144, 68, 5, 198, 107, 100, 114, 232, 69, 89, 28, 206, 61, 112, 0, 238, 2, 7, 46, 235, 128, 63, 249, 173, 123, 244, 195, 67, 188, 234, 22, 92, 183, 132, 113, 67, 140, 27, 97, 220, 18, 66, 72, 56, 245, 154, 234, 250, 22, 128, 195, 8, 98, 158, 117, 155, 190, 210, 108, 164, 0, 254, 244, 76, 245, 232, 187, 123, 76, 127, 125, 137, 13, 114, 128, 160, 26, 147, 202, 52, 80, 191, 189, 5, 175, 162, 136, 152, 24, 176, 171, 0, 49, 226, 184, 123, 59, 206, 244, 184, 170, 49, 216, 24, 68, 80, 107, 97, 225, 206, 38, 89, 206, 64, 239, 21, 194, 217, 17, 86, 175, 63, 198, 108, 110, 16, 181, 182, 40, 160, 6, 24, 119, 52, 87, 23, 5, 133, 127, 126, 179, 146, 38, 153, 138, 153, 24, 117, 169, 217, 214, 196, 200, 203, 91, 216, 56, 124, 132, 227, 168, 123, 114, 191, 179, 165, 240, 115, 176, 61, 187, 177, 29, 141, 75, 11, 75, 250, 75, 181, 37, 42, 235, 182, 146, 31, 27, 96, 102, 252, 19, 19, 159, 95, 99, 67, 255, 164, 136, 140, 203, 179, 110, 83, 142, 200, 69, 17, 231, 4, 176, 142, 255, 64, 227, 136, 116, 85, 35, 97, 97, 226, 108, 232, 231, 111, 30, 188, 74, 248, 27, 193, 197, 40, 251, 198, 25, 223, 203, 0, 0, 0, 0, 73, 69, 78, 68, 174, 66, 96, 130};

uint8_t swapper[941] = {137, 80, 78, 71, 13, 10, 26, 10, 0, 0, 0, 13, 73, 72, 68, 82, 0, 0, 0, 15, 0, 0, 0, 15, 8, 6, 0, 0, 0, 59, 214, 149, 74, 0, 0, 0, 6, 98, 75, 71, 68, 0, 255, 0, 255, 0, 255, 160, 189, 167, 147, 0, 0, 0, 9, 112, 72, 89, 115, 0, 0, 11, 19, 0, 0, 11, 19, 1, 0, 154, 156, 24, 0, 0, 0, 7, 116, 73, 77, 69, 7, 224, 3, 17, 16, 50, 27, 14, 166, 197, 229, 0, 0, 3, 58, 73, 68, 65, 84, 40, 207, 45, 209, 223, 79, 91, 85, 0, 7, 240, 239, 57, 247, 220, 219, 91, 74, 239, 45, 165, 165, 229, 151, 140, 13, 208, 0, 198, 9, 110, 234, 152, 46, 209, 7, 49, 234, 155, 153, 123, 224, 97, 137, 123, 81, 3, 154, 161, 137, 203, 134, 64, 150, 61, 104, 96, 241, 71, 22, 173, 15, 46, 38, 139, 15, 190, 152, 24, 147, 205, 44, 102, 49, 24, 221, 226, 28, 56, 54, 179, 169, 140, 22, 38, 80, 104, 105, 233, 109, 123, 123, 127, 156, 115, 124, 208, 207, 191, 240, 33, 137, 83, 55, 153, 66, 112, 53, 97, 104, 113, 66, 8, 24, 37, 17, 0, 134, 4, 78, 255, 122, 188, 231, 61, 101, 244, 154, 194, 93, 79, 32, 117, 80, 2, 0, 27, 189, 6, 255, 147, 199, 1, 0, 4, 111, 175, 146, 184, 193, 7, 6, 146, 226, 250, 80, 151, 137, 245, 162, 139, 116, 206, 46, 93, 156, 223, 122, 51, 18, 214, 2, 156, 243, 87, 29, 151, 79, 187, 174, 184, 130, 212, 147, 85, 0, 8, 142, 223, 128, 31, 110, 7, 197, 76, 187, 28, 234, 96, 203, 237, 81, 29, 142, 16, 24, 236, 10, 161, 163, 49, 64, 144, 119, 248, 115, 253, 81, 227, 197, 129, 230, 125, 221, 173, 230, 119, 122, 157, 118, 142, 142, 93, 239, 4, 0, 123, 118, 0, 154, 189, 9, 26, 60, 149, 38, 11, 27, 226, 37, 51, 196, 208, 210, 160, 226, 126, 222, 133, 47, 37, 192, 40, 249, 99, 205, 230, 145, 16, 193, 248, 112, 43, 158, 237, 139, 29, 141, 27, 193, 175, 180, 119, 110, 247, 0, 64, 229, 253, 62, 176, 100, 68, 85, 19, 97, 50, 21, 107, 80, 49, 191, 108, 219, 139, 255, 84, 54, 118, 55, 170, 49, 48, 112, 179, 78, 253, 253, 234, 61, 251, 146, 160, 202, 254, 87, 246, 71, 163, 141, 33, 229, 137, 31, 255, 42, 127, 152, 61, 185, 52, 82, 171, 237, 222, 102, 121, 203, 77, 246, 182, 232, 187, 236, 26, 199, 151, 191, 228, 86, 130, 196, 25, 221, 42, 5, 135, 17, 36, 55, 127, 26, 219, 179, 8, 224, 135, 194, 153, 165, 49, 41, 49, 245, 76, 175, 217, 176, 83, 245, 158, 159, 203, 240, 35, 92, 249, 243, 83, 234, 112, 210, 177, 110, 81, 172, 21, 57, 188, 170, 227, 148, 102, 30, 187, 124, 111, 162, 111, 28, 169, 161, 69, 237, 248, 60, 1, 128, 244, 201, 61, 31, 207, 221, 45, 95, 89, 45, 121, 24, 236, 52, 160, 19, 239, 132, 170, 135, 116, 42, 169, 182, 179, 86, 0, 50, 219, 20, 96, 84, 85, 14, 127, 161, 226, 127, 238, 217, 71, 101, 96, 114, 13, 0, 144, 181, 196, 133, 116, 129, 111, 198, 76, 6, 8, 175, 205, 19, 242, 1, 170, 50, 182, 76, 164, 40, 44, 23, 129, 190, 182, 250, 38, 30, 238, 126, 25, 0, 148, 55, 126, 38, 123, 63, 184, 67, 156, 233, 22, 0, 192, 246, 233, 174, 111, 55, 44, 63, 47, 41, 80, 241, 8, 164, 239, 38, 89, 152, 84, 203, 85, 79, 251, 76, 97, 56, 177, 43, 26, 142, 222, 169, 183, 222, 226, 71, 47, 223, 226, 231, 14, 44, 46, 0, 24, 156, 185, 123, 56, 179, 101, 245, 231, 178, 183, 46, 249, 104, 98, 5, 91, 194, 23, 18, 82, 161, 69, 186, 81, 84, 165, 227, 203, 148, 235, 249, 247, 51, 21, 149, 28, 120, 176, 105, 159, 22, 141, 157, 199, 177, 185, 35, 0, 16, 96, 228, 169, 128, 30, 156, 136, 119, 104, 169, 27, 171, 104, 253, 109, 69, 66, 128, 236, 128, 42, 105, 138, 217, 86, 48, 149, 174, 56, 190, 120, 173, 80, 245, 176, 238, 214, 145, 67, 189, 201, 193, 135, 123, 18, 231, 49, 186, 48, 34, 133, 172, 118, 39, 13, 24, 102, 164, 223, 114, 149, 186, 92, 222, 130, 10, 241, 46, 47, 23, 44, 10, 0, 229, 137, 102, 89, 17, 236, 123, 207, 231, 47, 212, 28, 103, 41, 231, 107, 240, 21, 93, 143, 215, 35, 206, 168, 20, 43, 101, 5, 153, 146, 130, 167, 219, 128, 213, 173, 157, 207, 157, 154, 125, 1, 31, 61, 34, 40, 155, 204, 2, 0, 252, 169, 132, 7, 22, 184, 88, 44, 59, 135, 54, 139, 181, 9, 219, 113, 171, 132, 66, 183, 185, 226, 153, 186, 196, 193, 78, 6, 83, 23, 200, 149, 189, 97, 167, 34, 130, 232, 249, 6, 4, 0, 216, 100, 22, 254, 116, 226, 191, 159, 99, 183, 209, 220, 105, 80, 206, 61, 213, 118, 92, 110, 157, 121, 200, 223, 59, 251, 247, 89, 149, 200, 215, 41, 145, 154, 199, 33, 5, 231, 95, 3, 24, 249, 23, 107, 229, 124, 194, 72, 232, 113, 242, 0, 0, 0, 0, 73, 69, 78, 68, 174, 66, 96, 130};

uint8_t system[961] = {137, 80, 78, 71, 13, 10, 26, 10, 0, 0, 0, 13, 73, 72, 68, 82, 0, 0, 0, 15, 0, 0, 0, 15, 8, 6, 0, 0, 0, 59, 214, 149, 74, 0, 0, 0, 6, 98, 75, 71, 68, 0, 255, 0, 255, 0, 255, 160, 189, 167, 147, 0, 0, 0, 9, 112, 72, 89, 115, 0, 0, 11, 19, 0, 0, 11, 19, 1, 0, 154, 156, 24, 0, 0, 0, 7, 116, 73, 77, 69, 7, 224, 3, 17, 16, 50, 49, 213, 29, 12, 51, 0, 0, 3, 78, 73, 68, 65, 84, 40, 207, 77, 209, 111, 108, 19, 117, 28, 6, 240, 111, 239, 126, 215, 63, 172, 55, 174, 235, 149, 93, 175, 197, 177, 164, 144, 50, 37, 77, 54, 70, 130, 201, 22, 210, 205, 9, 166, 242, 66, 106, 38, 186, 23, 100, 98, 92, 236, 11, 95, 178, 4, 99, 6, 68, 95, 40, 241, 5, 68, 94, 201, 27, 73, 124, 225, 202, 72, 133, 65, 130, 213, 18, 43, 73, 231, 112, 135, 172, 119, 235, 213, 222, 218, 49, 199, 106, 214, 181, 215, 245, 207, 149, 180, 119, 231, 27, 48, 125, 94, 63, 159, 55, 207, 131, 67, 91, 198, 199, 199, 13, 129, 192, 219, 232, 225, 195, 223, 181, 51, 103, 38, 7, 6, 7, 7, 63, 241, 249, 124, 59, 143, 31, 115, 155, 231, 206, 77, 35, 183, 219, 173, 243, 124, 242, 255, 62, 106, 179, 56, 69, 217, 222, 240, 122, 189, 103, 105, 218, 241, 249, 233, 211, 239, 31, 37, 73, 235, 116, 165, 82, 253, 55, 18, 137, 40, 94, 175, 247, 98, 185, 92, 254, 14, 0, 126, 6, 0, 181, 29, 99, 0, 128, 104, 218, 193, 6, 2, 39, 79, 245, 247, 15, 12, 83, 20, 101, 98, 89, 39, 122, 246, 108, 243, 139, 88, 236, 193, 115, 150, 117, 57, 50, 25, 233, 238, 11, 163, 3, 128, 134, 142, 29, 243, 99, 30, 207, 254, 209, 190, 190, 131, 157, 36, 185, 219, 86, 175, 43, 224, 116, 178, 142, 245, 245, 13, 88, 89, 73, 131, 195, 225, 232, 220, 187, 215, 5, 245, 186, 2, 189, 189, 189, 182, 203, 151, 191, 57, 41, 138, 233, 178, 36, 253, 29, 69, 24, 134, 161, 190, 190, 87, 63, 13, 6, 223, 125, 171, 213, 106, 233, 181, 90, 29, 194, 225, 159, 26, 203, 203, 124, 74, 211, 84, 25, 195, 48, 234, 208, 161, 215, 188, 39, 78, 140, 154, 253, 254, 209, 175, 17, 34, 12, 225, 240, 236, 93, 73, 202, 60, 192, 179, 217, 85, 53, 145, 72, 228, 70, 70, 198, 130, 52, 77, 155, 99, 177, 120, 67, 16, 248, 31, 214, 214, 150, 38, 111, 221, 186, 249, 45, 69, 225, 17, 12, 179, 236, 105, 54, 181, 131, 30, 143, 135, 72, 167, 51, 229, 80, 232, 227, 169, 84, 74, 200, 225, 193, 224, 123, 3, 51, 51, 23, 251, 187, 186, 236, 199, 155, 77, 213, 40, 8, 66, 82, 20, 23, 38, 231, 231, 163, 121, 0, 128, 92, 238, 159, 42, 195, 116, 254, 209, 221, 221, 115, 156, 101, 93, 12, 142, 227, 234, 216, 216, 155, 127, 169, 170, 166, 99, 181, 90, 99, 162, 80, 168, 94, 83, 85, 162, 163, 84, 218, 1, 154, 182, 201, 115, 115, 243, 249, 246, 11, 239, 220, 185, 159, 183, 219, 109, 114, 169, 180, 3, 170, 74, 116, 20, 10, 149, 107, 213, 106, 99, 2, 167, 105, 167, 130, 144, 37, 211, 108, 234, 71, 173, 86, 146, 112, 187, 247, 200, 86, 43, 17, 89, 88, 88, 172, 190, 196, 83, 83, 31, 50, 126, 255, 216, 217, 74, 165, 197, 164, 82, 153, 186, 32, 240, 23, 36, 41, 125, 31, 0, 0, 236, 246, 46, 223, 213, 171, 55, 74, 209, 232, 159, 186, 40, 230, 20, 142, 91, 190, 126, 233, 210, 5, 6, 0, 96, 102, 230, 60, 179, 180, 244, 228, 186, 40, 230, 148, 104, 244, 145, 126, 229, 202, 247, 37, 154, 166, 125, 0, 0, 134, 195, 135, 95, 55, 14, 13, 141, 222, 28, 30, 246, 7, 44, 22, 2, 92, 46, 6, 108, 54, 178, 161, 235, 90, 170, 209, 104, 200, 102, 179, 137, 50, 24, 48, 111, 177, 88, 49, 111, 108, 228, 65, 81, 154, 16, 143, 255, 122, 59, 30, 255, 37, 136, 147, 228, 110, 189, 90, 221, 81, 179, 217, 244, 111, 178, 188, 205, 29, 56, 176, 127, 136, 36, 59, 144, 209, 72, 48, 38, 147, 113, 31, 134, 225, 140, 170, 234, 72, 150, 101, 184, 119, 239, 246, 151, 241, 120, 108, 86, 146, 196, 196, 246, 246, 86, 18, 137, 98, 82, 19, 197, 228, 28, 0, 16, 211, 211, 159, 189, 179, 107, 151, 5, 86, 87, 211, 53, 154, 166, 81, 79, 207, 43, 166, 181, 181, 167, 207, 183, 182, 10, 45, 187, 189, 187, 195, 96, 208, 86, 102, 103, 111, 204, 1, 64, 19, 0, 52, 252, 197, 38, 26, 0, 232, 44, 235, 244, 40, 74, 205, 17, 10, 133, 62, 58, 114, 100, 48, 173, 40, 202, 136, 36, 73, 231, 39, 38, 62, 248, 138, 97, 152, 125, 201, 228, 147, 132, 32, 240, 60, 0, 180, 0, 0, 240, 182, 71, 180, 86, 75, 21, 57, 110, 233, 199, 245, 245, 167, 25, 132, 16, 206, 113, 156, 206, 243, 252, 252, 226, 226, 98, 60, 151, 203, 134, 243, 249, 205, 229, 98, 177, 168, 190, 4, 255, 1, 225, 73, 134, 152, 111, 77, 100, 184, 0, 0, 0, 0, 73, 69, 78, 68, 174, 66, 96, 130};

uint8_t quit[832] = {137, 80, 78, 71, 13, 10, 26, 10, 0, 0, 0, 13, 73, 72, 68, 82, 0, 0, 0, 15, 0, 0, 0, 15, 8, 6, 0, 0, 0, 59, 214, 149, 74, 0, 0, 0, 6, 98, 75, 71, 68, 0, 255, 0, 255, 0, 255, 160, 189, 167, 147, 0, 0, 0, 9, 112, 72, 89, 115, 0, 0, 11, 19, 0, 0, 11, 19, 1, 0, 154, 156, 24, 0, 0, 0, 7, 116, 73, 77, 69, 7, 224, 3, 17, 16, 51, 13, 227, 105, 65, 245, 0, 0, 2, 205, 73, 68, 65, 84, 40, 207, 45, 211, 77, 111, 84, 85, 28, 192, 225, 223, 57, 247, 101, 222, 100, 96, 66, 160, 66, 59, 149, 41, 106, 163, 49, 129, 144, 18, 81, 26, 53, 49, 81, 87, 210, 208, 26, 195, 194, 15, 209, 196, 132, 175, 64, 226, 2, 55, 46, 92, 154, 184, 113, 33, 169, 218, 2, 21, 141, 216, 68, 23, 54, 20, 24, 11, 237, 76, 161, 105, 210, 84, 90, 163, 118, 102, 152, 59, 247, 229, 220, 115, 254, 110, 88, 63, 235, 71, 13, 46, 125, 114, 69, 15, 31, 154, 165, 82, 52, 160, 64, 1, 128, 100, 57, 98, 114, 84, 224, 161, 11, 33, 162, 158, 1, 10, 137, 77, 224, 158, 116, 175, 250, 170, 94, 187, 172, 95, 31, 3, 81, 33, 214, 33, 113, 142, 11, 107, 48, 210, 64, 215, 106, 216, 110, 23, 179, 245, 8, 157, 254, 71, 88, 246, 64, 107, 68, 9, 226, 236, 101, 159, 82, 49, 34, 183, 21, 137, 50, 68, 85, 241, 38, 222, 35, 124, 237, 85, 196, 24, 200, 115, 240, 125, 56, 255, 14, 113, 115, 149, 232, 247, 69, 10, 186, 143, 87, 12, 192, 35, 242, 197, 57, 36, 78, 144, 188, 66, 240, 254, 5, 244, 232, 48, 166, 217, 196, 220, 93, 198, 117, 59, 200, 129, 42, 193, 153, 179, 148, 79, 157, 134, 74, 133, 120, 225, 27, 14, 200, 0, 103, 50, 180, 24, 3, 145, 37, 120, 247, 67, 116, 125, 24, 115, 235, 38, 249, 15, 95, 227, 37, 29, 212, 11, 13, 36, 222, 39, 155, 251, 138, 254, 205, 121, 202, 39, 27, 20, 63, 152, 38, 233, 101, 144, 25, 180, 203, 82, 84, 161, 134, 30, 107, 144, 223, 93, 193, 254, 58, 143, 14, 5, 255, 244, 57, 202, 23, 46, 162, 79, 157, 195, 15, 193, 222, 254, 158, 193, 242, 31, 148, 95, 126, 137, 36, 56, 136, 75, 13, 218, 245, 99, 244, 232, 73, 36, 73, 201, 175, 127, 135, 107, 221, 35, 94, 105, 18, 239, 236, 162, 128, 108, 119, 143, 244, 254, 3, 252, 141, 85, 162, 133, 57, 92, 154, 162, 235, 13, 108, 156, 224, 231, 219, 219, 40, 79, 131, 201, 176, 247, 87, 112, 173, 117, 76, 225, 16, 210, 233, 0, 144, 119, 186, 168, 141, 199, 4, 241, 62, 185, 171, 66, 150, 161, 75, 101, 146, 157, 191, 208, 89, 187, 141, 109, 174, 66, 24, 162, 42, 7, 81, 177, 65, 249, 33, 42, 12, 1, 208, 97, 136, 246, 3, 36, 74, 177, 165, 42, 4, 33, 233, 122, 139, 188, 221, 70, 91, 99, 112, 191, 45, 161, 10, 5, 252, 169, 25, 92, 234, 163, 186, 61, 196, 58, 0, 172, 205, 145, 253, 30, 81, 234, 83, 185, 248, 49, 20, 11, 36, 63, 255, 4, 38, 199, 119, 120, 216, 141, 53, 204, 226, 45, 194, 169, 41, 242, 181, 135, 152, 207, 63, 163, 255, 229, 23, 12, 214, 30, 224, 110, 255, 2, 255, 244, 41, 205, 126, 74, 109, 102, 154, 189, 249, 235, 148, 218, 45, 82, 229, 193, 214, 200, 177, 126, 52, 62, 42, 79, 39, 207, 139, 185, 115, 79, 156, 136, 12, 174, 205, 201, 223, 51, 31, 201, 206, 219, 111, 201, 238, 244, 180, 116, 191, 189, 38, 34, 34, 251, 203, 119, 100, 107, 98, 66, 162, 250, 113, 217, 28, 26, 234, 179, 249, 252, 177, 254, 224, 197, 19, 210, 171, 31, 151, 222, 27, 111, 74, 114, 99, 81, 68, 68, 92, 146, 136, 237, 116, 196, 37, 137, 56, 17, 249, 119, 225, 134, 108, 159, 57, 43, 157, 163, 67, 18, 15, 143, 200, 163, 195, 71, 251, 234, 207, 195, 71, 100, 188, 82, 194, 58, 65, 242, 28, 231, 135, 200, 248, 43, 120, 147, 147, 168, 177, 19, 100, 143, 55, 201, 150, 150, 240, 214, 91, 20, 179, 20, 229, 5, 120, 26, 30, 198, 49, 234, 199, 231, 170, 87, 142, 120, 193, 108, 65, 99, 68, 20, 136, 32, 214, 34, 153, 193, 89, 139, 242, 60, 116, 224, 163, 60, 15, 121, 86, 46, 17, 23, 236, 229, 246, 234, 255, 163, 55, 137, 173, 86, 252, 228, 250, 0, 0, 0, 0, 73, 69, 78, 68, 174, 66, 96, 130};

uint8_t volume[638] = {137, 80, 78, 71, 13, 10, 26, 10, 0, 0, 0, 13, 73, 72, 68, 82, 0, 0, 0, 15, 0, 0, 0, 15, 8, 6, 0, 0, 0, 59, 214, 149, 74, 0, 0, 0, 6, 98, 75, 71, 68, 0, 255, 0, 255, 0, 255, 160, 189, 167, 147, 0, 0, 0, 9, 112, 72, 89, 115, 0, 0, 11, 19, 0, 0, 11, 19, 1, 0, 154, 156, 24, 0, 0, 0, 7, 116, 73, 77, 69, 7, 224, 5, 26, 18, 47, 35, 130, 13, 183, 168, 0, 0, 2, 11, 73, 68, 65, 84, 40, 207, 165, 211, 61, 104, 83, 81, 20, 7, 240, 255, 125, 247, 73, 163, 105, 108, 12, 109, 19, 33, 49, 164, 230, 165, 73, 107, 131, 117, 117, 112, 170, 216, 85, 80, 80, 52, 131, 139, 142, 186, 40, 138, 171, 83, 55, 193, 15, 4, 93, 28, 164, 67, 68, 148, 118, 113, 80, 151, 250, 49, 181, 67, 109, 204, 164, 77, 211, 124, 60, 147, 151, 164, 239, 229, 221, 251, 238, 125, 47, 14, 21, 2, 66, 107, 161, 103, 62, 63, 14, 156, 243, 63, 192, 62, 138, 236, 165, 41, 117, 226, 20, 121, 241, 236, 137, 38, 132, 120, 109, 180, 90, 73, 206, 157, 200, 165, 139, 231, 91, 202, 255, 224, 72, 104, 204, 255, 252, 233, 163, 27, 209, 232, 209, 31, 153, 241, 212, 164, 109, 115, 186, 101, 154, 4, 0, 118, 197, 87, 175, 93, 215, 22, 223, 231, 95, 102, 167, 38, 30, 31, 30, 12, 160, 254, 91, 135, 20, 14, 28, 206, 1, 0, 234, 78, 240, 206, 221, 251, 103, 114, 87, 46, 207, 199, 98, 209, 112, 165, 94, 7, 92, 128, 51, 9, 198, 28, 216, 150, 221, 199, 55, 111, 221, 206, 105, 90, 242, 194, 244, 244, 201, 131, 132, 64, 212, 106, 245, 158, 150, 60, 62, 59, 50, 58, 138, 239, 133, 34, 40, 85, 161, 30, 80, 209, 52, 154, 208, 27, 58, 76, 171, 219, 199, 147, 19, 233, 7, 217, 236, 84, 52, 157, 73, 35, 48, 232, 199, 151, 175, 223, 208, 181, 25, 86, 215, 10, 160, 84, 1, 17, 18, 138, 80, 208, 50, 154, 104, 232, 58, 56, 103, 125, 188, 244, 121, 201, 88, 43, 20, 163, 51, 103, 103, 16, 9, 135, 145, 207, 191, 65, 124, 44, 129, 120, 60, 1, 225, 56, 0, 0, 170, 82, 84, 235, 58, 12, 163, 9, 41, 101, 31, 183, 219, 237, 128, 205, 25, 62, 124, 252, 132, 67, 126, 63, 54, 43, 155, 8, 13, 15, 163, 92, 42, 65, 72, 9, 2, 128, 82, 138, 106, 181, 130, 78, 167, 13, 175, 215, 235, 99, 198, 248, 43, 198, 248, 233, 98, 119, 149, 43, 138, 234, 154, 102, 7, 149, 242, 198, 57, 87, 186, 224, 140, 131, 144, 109, 220, 168, 233, 216, 234, 116, 64, 254, 166, 67, 5, 128, 197, 133, 183, 247, 254, 221, 182, 109, 219, 185, 216, 49, 227, 97, 112, 40, 56, 36, 93, 23, 132, 80, 108, 89, 29, 8, 33, 209, 243, 182, 39, 211, 157, 78, 181, 254, 235, 231, 10, 233, 145, 119, 82, 186, 105, 207, 115, 19, 174, 39, 97, 219, 93, 116, 45, 211, 115, 165, 156, 43, 149, 214, 25, 221, 45, 36, 181, 122, 85, 55, 77, 107, 193, 231, 27, 40, 187, 82, 206, 250, 6, 124, 232, 90, 150, 231, 8, 103, 174, 92, 222, 96, 123, 202, 246, 145, 96, 72, 209, 82, 227, 25, 74, 201, 188, 16, 78, 82, 74, 17, 89, 94, 94, 105, 237, 231, 169, 240, 7, 225, 174, 252, 71, 186, 171, 66, 235, 0, 0, 0, 0, 73, 69, 78, 68, 174, 66, 96, 130};

uint8_t add[621] = {137, 80, 78, 71, 13, 10, 26, 10, 0, 0, 0, 13, 73, 72, 68, 82, 0, 0, 0, 15, 0, 0, 0, 15, 8, 6, 0, 0, 0, 59, 214, 149, 74, 0, 0, 0, 6, 98, 75, 71, 68, 0, 255, 0, 255, 0, 255, 160, 189, 167, 147, 0, 0, 0, 9, 112, 72, 89, 115, 0, 0, 11, 19, 0, 0, 11, 19, 1, 0, 154, 156, 24, 0, 0, 0, 7, 116, 73, 77, 69, 7, 224, 5, 30, 19, 34, 33, 87, 13, 85, 169, 0, 0, 1, 250, 73, 68, 65, 84, 40, 207, 165, 146, 61, 104, 20, 113, 16, 197, 223, 251, 223, 126, 220, 157, 201, 161, 136, 98, 35, 41, 60, 131, 69, 176, 18, 18, 48, 32, 218, 8, 162, 141, 164, 212, 198, 34, 17, 172, 236, 84, 176, 18, 109, 163, 96, 64, 83, 216, 8, 86, 65, 4, 21, 177, 136, 130, 34, 24, 20, 193, 66, 16, 188, 8, 65, 44, 36, 72, 190, 238, 99, 119, 255, 187, 243, 44, 150, 4, 49, 34, 66, 166, 156, 153, 55, 243, 152, 249, 1, 91, 8, 254, 153, 144, 196, 211, 227, 3, 19, 65, 173, 215, 132, 32, 17, 44, 122, 181, 214, 195, 233, 133, 187, 36, 245, 123, 111, 176, 105, 26, 111, 5, 183, 103, 117, 243, 232, 208, 185, 216, 140, 112, 20, 94, 126, 122, 144, 144, 147, 247, 0, 100, 255, 20, 3, 203, 142, 84, 24, 185, 53, 121, 101, 12, 43, 145, 8, 133, 192, 202, 38, 151, 193, 186, 85, 242, 90, 8, 124, 38, 48, 95, 79, 189, 201, 76, 206, 76, 48, 138, 137, 55, 0, 95, 235, 192, 25, 0, 131, 146, 174, 122, 146, 34, 0, 156, 56, 59, 112, 126, 116, 140, 147, 181, 168, 30, 154, 153, 118, 244, 111, 15, 70, 246, 31, 82, 150, 183, 25, 5, 125, 122, 251, 229, 29, 150, 218, 43, 230, 232, 208, 203, 186, 254, 245, 140, 46, 62, 187, 191, 112, 167, 220, 28, 166, 205, 35, 67, 199, 171, 123, 26, 3, 40, 76, 202, 213, 65, 154, 45, 65, 48, 36, 190, 131, 145, 193, 195, 8, 221, 182, 10, 73, 253, 88, 93, 168, 190, 122, 244, 188, 185, 97, 187, 200, 29, 150, 59, 139, 112, 76, 96, 18, 9, 2, 112, 36, 1, 201, 51, 241, 223, 33, 8, 142, 228, 74, 103, 13, 86, 56, 109, 136, 243, 2, 168, 184, 8, 181, 168, 129, 194, 76, 222, 50, 118, 147, 158, 0, 35, 224, 84, 143, 107, 136, 130, 152, 36, 229, 92, 202, 60, 47, 95, 92, 138, 147, 184, 245, 244, 205, 251, 36, 174, 70, 145, 153, 105, 103, 163, 81, 25, 61, 120, 128, 137, 207, 80, 13, 171, 156, 253, 240, 17, 63, 87, 87, 139, 138, 115, 76, 146, 44, 203, 211, 184, 181, 1, 73, 121, 237, 27, 33, 240, 141, 128, 213, 199, 167, 30, 47, 142, 29, 27, 118, 153, 247, 140, 194, 80, 51, 47, 230, 138, 233, 11, 167, 118, 3, 65, 23, 216, 107, 210, 165, 156, 164, 130, 18, 12, 106, 29, 128, 24, 87, 80, 24, 89, 40, 167, 87, 142, 138, 200, 194, 200, 62, 236, 234, 182, 113, 61, 45, 251, 47, 255, 29, 146, 20, 13, 37, 61, 100, 105, 26, 84, 173, 8, 144, 26, 144, 244, 224, 219, 232, 215, 127, 177, 61, 124, 114, 223, 68, 225, 210, 102, 89, 22, 42, 22, 183, 230, 158, 204, 111, 98, 123, 75, 241, 11, 53, 155, 0, 3, 62, 140, 202, 45, 0, 0, 0, 0, 73, 69, 78, 68, 174, 66, 96, 130};

uint8_t memory[381] = {137, 80, 78, 71, 13, 10, 26, 10, 0, 0, 0, 13, 73, 72, 68, 82, 0, 0, 0, 15, 0, 0, 0, 15, 8, 6, 0, 0, 0, 59, 214, 149, 74, 0, 0, 1, 68, 73, 68, 65, 84, 56, 79, 99, 100, 160, 0, 48, 82, 160, 151, 129, 114, 205, 222, 235, 3, 10, 24, 25, 24, 248, 73, 112, 197, 135, 45, 129, 27, 38, 50, 250, 172, 15, 112, 96, 96, 96, 216, 79, 130, 70, 176, 82, 70, 6, 134, 64, 184, 230, 239, 55, 254, 51, 252, 188, 5, 49, 66, 192, 143, 145, 225, 203, 209, 255, 12, 127, 222, 50, 48, 176, 8, 51, 48, 240, 88, 51, 50, 124, 216, 248, 31, 172, 131, 93, 141, 129, 129, 83, 3, 236, 219, 70, 184, 230, 175, 167, 255, 51, 124, 59, 11, 209, 44, 154, 1, 81, 252, 251, 57, 3, 3, 171, 36, 3, 131, 128, 63, 35, 195, 235, 25, 255, 193, 114, 92, 198, 12, 12, 220, 166, 212, 212, 252, 235, 25, 3, 195, 239, 167, 16, 211, 65, 38, 131, 188, 241, 239, 51, 3, 3, 19, 47, 196, 153, 32, 151, 129, 0, 171, 52, 35, 3, 155, 20, 152, 217, 200, 232, 220, 231, 111, 203, 200, 192, 48, 137, 212, 0, 99, 96, 102, 88, 202, 104, 226, 17, 224, 192, 252, 255, 255, 126, 111, 185, 71, 96, 253, 183, 62, 66, 98, 76, 141, 255, 35, 195, 150, 135, 178, 11, 125, 228, 31, 199, 35, 139, 129, 228, 182, 62, 146, 99, 248, 255, 255, 127, 35, 163, 169, 107, 128, 1, 19, 211, 255, 243, 41, 26, 55, 192, 154, 206, 189, 17, 1, 211, 70, 34, 111, 24, 102, 95, 87, 111, 76, 213, 188, 89, 143, 44, 6, 146, 155, 115, 67, 131, 225, 223, 63, 70, 67, 112, 176, 89, 120, 4, 40, 184, 74, 63, 180, 0, 177, 31, 126, 225, 254, 2, 162, 229, 121, 190, 242, 236, 126, 42, 127, 2, 36, 142, 44, 6, 146, 3, 137, 159, 216, 177, 225, 1, 229, 201, 147, 228, 192, 130, 106, 0, 0, 45, 176, 131, 180, 73, 220, 200, 80, 0, 0, 0, 0, 73, 69, 78, 68, 174, 66, 96, 130};

uint8_t tape[362] = {137, 80, 78, 71, 13, 10, 26, 10, 0, 0, 0, 13, 73, 72, 68, 82, 0, 0, 0, 15, 0, 0, 0, 15, 8, 6, 0, 0, 0, 59, 214, 149, 74, 0, 0, 1, 49, 73, 68, 65, 84, 56, 79, 165, 147, 49, 110, 194, 80, 16, 68, 103, 76, 17, 165, 35, 55, 160, 137, 100, 58, 231, 6, 164, 1, 82, 197, 55, 136, 143, 144, 27, 176, 220, 32, 55, 136, 143, 224, 84, 1, 154, 248, 6, 161, 195, 82, 26, 142, 64, 23, 165, 224, 79, 180, 223, 24, 41, 169, 64, 108, 99, 253, 175, 125, 163, 217, 241, 126, 226, 130, 226, 5, 44, 120, 107, 171, 172, 71, 61, 158, 43, 178, 23, 223, 56, 156, 45, 170, 111, 94, 21, 91, 187, 223, 157, 42, 48, 176, 143, 254, 181, 126, 74, 166, 182, 44, 145, 240, 245, 84, 240, 216, 23, 66, 225, 112, 13, 160, 38, 84, 64, 168, 68, 186, 131, 156, 210, 86, 228, 154, 82, 38, 114, 0, 160, 162, 212, 7, 145, 11, 44, 1, 140, 28, 182, 86, 45, 212, 141, 61, 184, 80, 44, 31, 103, 51, 159, 230, 221, 183, 187, 79, 237, 125, 68, 48, 19, 216, 239, 224, 65, 99, 147, 98, 56, 91, 188, 128, 124, 218, 216, 228, 198, 69, 9, 237, 188, 169, 177, 137, 165, 182, 116, 71, 149, 247, 197, 81, 129, 237, 31, 56, 181, 85, 65, 133, 108, 51, 159, 62, 187, 144, 168, 138, 98, 238, 231, 22, 96, 221, 216, 184, 252, 7, 135, 26, 72, 10, 87, 117, 123, 209, 218, 1, 234, 68, 186, 145, 90, 48, 148, 64, 18, 103, 110, 3, 147, 50, 7, 15, 129, 121, 64, 199, 249, 61, 156, 104, 211, 3, 107, 123, 214, 49, 48, 87, 118, 91, 231, 254, 42, 231, 226, 146, 40, 225, 231, 185, 48, 131, 238, 226, 110, 199, 21, 197, 62, 90, 58, 165, 246, 232, 237, 190, 108, 188, 190, 232, 97, 252, 2, 85, 212, 161, 116, 95, 180, 29, 253, 0, 0, 0, 0, 73, 69, 78, 68, 174, 66, 96, 130};

uint8_t shutdown[789] = {137, 80, 78, 71, 13, 10, 26, 10, 0, 0, 0, 13, 73, 72, 68, 82, 0, 0, 0, 15, 0, 0, 0, 15, 8, 6, 0, 0, 0, 59, 214, 149, 74, 0, 0, 0, 6, 98, 75, 71, 68, 0, 255, 0, 255, 0, 255, 160, 189, 167, 147, 0, 0, 0, 9, 112, 72, 89, 115, 0, 0, 11, 18, 0, 0, 11, 18, 1, 210, 221, 126, 252, 0, 0, 0, 7, 116, 73, 77, 69, 7, 225, 8, 13, 11, 18, 22, 83, 163, 219, 248, 0, 0, 2, 162, 73, 68, 65, 84, 40, 207, 85, 147, 191, 107, 20, 123, 20, 197, 63, 243, 157, 157, 76, 50, 59, 107, 225, 168, 96, 132, 176, 188, 132, 136, 171, 165, 6, 127, 64, 194, 179, 84, 176, 72, 43, 136, 149, 130, 141, 32, 40, 22, 130, 141, 85, 254, 0, 65, 44, 82, 248, 15, 4, 67, 16, 84, 68, 59, 245, 61, 27, 95, 76, 154, 132, 4, 209, 128, 46, 238, 134, 183, 179, 179, 179, 223, 95, 215, 98, 217, 229, 189, 83, 221, 226, 158, 115, 185, 135, 115, 2, 254, 131, 207, 247, 239, 79, 4, 97, 120, 89, 188, 191, 23, 40, 117, 66, 188, 79, 197, 185, 220, 107, 189, 41, 214, 46, 121, 99, 214, 78, 63, 121, 210, 27, 238, 7, 195, 225, 159, 7, 15, 166, 17, 121, 238, 141, 105, 232, 86, 11, 175, 245, 72, 52, 8, 67, 194, 56, 70, 68, 54, 240, 254, 202, 233, 167, 79, 183, 71, 228, 141, 71, 143, 78, 186, 94, 111, 93, 183, 219, 216, 60, 39, 80, 138, 112, 124, 156, 177, 44, 67, 255, 250, 133, 43, 75, 196, 123, 130, 48, 28, 234, 157, 154, 91, 94, 254, 18, 172, 63, 124, 88, 21, 107, 63, 234, 118, 187, 97, 243, 156, 234, 244, 52, 149, 36, 161, 146, 166, 252, 113, 227, 6, 219, 143, 31, 227, 122, 61, 108, 175, 71, 177, 179, 3, 128, 88, 187, 33, 206, 205, 41, 177, 118, 209, 27, 211, 176, 121, 78, 82, 175, 115, 252, 206, 29, 14, 157, 63, 143, 237, 116, 0, 232, 183, 90, 28, 156, 155, 99, 246, 246, 109, 198, 143, 30, 29, 144, 69, 26, 34, 178, 168, 196, 251, 187, 186, 213, 34, 140, 99, 142, 204, 207, 19, 38, 9, 255, 110, 110, 226, 202, 114, 240, 111, 16, 208, 221, 217, 161, 82, 171, 145, 157, 59, 71, 160, 212, 64, 192, 185, 187, 42, 136, 162, 186, 215, 154, 48, 73, 56, 120, 246, 44, 249, 214, 22, 123, 107, 107, 152, 118, 155, 31, 175, 94, 81, 124, 253, 74, 243, 221, 59, 138, 111, 223, 56, 188, 176, 48, 250, 221, 91, 91, 87, 98, 76, 13, 24, 152, 52, 49, 129, 237, 116, 176, 251, 251, 244, 155, 77, 118, 151, 151, 233, 55, 155, 216, 110, 23, 215, 233, 80, 73, 83, 124, 191, 63, 184, 108, 76, 173, 34, 206, 117, 128, 154, 120, 15, 34, 84, 106, 53, 198, 39, 39, 65, 41, 84, 28, 163, 162, 136, 177, 44, 35, 172, 86, 17, 99, 176, 101, 73, 20, 69, 136, 115, 29, 229, 181, 222, 13, 194, 16, 87, 20, 252, 120, 253, 154, 116, 102, 134, 250, 245, 235, 68, 7, 14, 32, 198, 48, 150, 101, 28, 91, 92, 36, 153, 154, 98, 111, 117, 21, 209, 122, 152, 129, 221, 138, 56, 183, 20, 198, 241, 51, 91, 20, 252, 124, 243, 134, 116, 118, 150, 35, 23, 47, 146, 206, 204, 224, 186, 93, 194, 106, 149, 100, 106, 138, 124, 107, 139, 239, 43, 43, 168, 56, 198, 230, 57, 136, 44, 5, 159, 110, 221, 74, 196, 185, 191, 188, 214, 13, 68, 24, 203, 50, 178, 11, 23, 152, 188, 116, 137, 32, 138, 16, 99, 216, 91, 93, 229, 251, 202, 10, 102, 127, 31, 21, 199, 184, 162, 216, 16, 107, 207, 4, 0, 127, 223, 188, 121, 210, 107, 189, 142, 8, 67, 243, 196, 123, 92, 89, 226, 250, 125, 68, 107, 84, 28, 3, 224, 138, 2, 87, 150, 167, 254, 124, 251, 246, 203, 40, 219, 31, 174, 93, 155, 198, 251, 231, 34, 210, 24, 230, 121, 8, 175, 53, 54, 207, 7, 201, 242, 254, 202, 194, 203, 151, 219, 255, 43, 6, 192, 251, 171, 87, 39, 196, 185, 203, 98, 237, 61, 239, 220, 9, 49, 38, 21, 231, 114, 96, 51, 80, 106, 73, 188, 95, 155, 127, 241, 98, 212, 170, 223, 16, 223, 121, 13, 187, 197, 215, 196, 0, 0, 0, 0, 73, 69, 78, 68, 174, 66, 96, 130};

uint8_t keyboard[461] = {137, 80, 78, 71, 13, 10, 26, 10, 0, 0, 0, 13, 73, 72, 68, 82, 0, 0, 0, 15, 0, 0, 0, 15, 8, 6, 0, 0, 0, 59, 214, 149, 74, 0, 0, 0, 1, 115, 82, 71, 66, 0, 174, 206, 28, 233, 0, 0, 0, 4, 103, 65, 77, 65, 0, 0, 177, 143, 11, 252, 97, 5, 0, 0, 0, 9, 112, 72, 89, 115, 0, 0, 14, 195, 0, 0, 14, 195, 1, 199, 111, 168, 100, 0, 0, 1, 98, 73, 68, 65, 84, 56, 79, 213, 81, 77, 47, 4, 65, 16, 157, 139, 16, 214, 116, 79, 219, 13, 27, 130, 132, 131, 72, 176, 72, 112, 16, 95, 17, 113, 33, 14, 14, 194, 69, 72, 38, 34, 102, 167, 123, 102, 197, 141, 171, 191, 224, 228, 60, 19, 253, 177, 35, 217, 4, 55, 17, 137, 171, 127, 128, 63, 192, 63, 80, 53, 235, 176, 27, 151, 185, 137, 78, 94, 170, 42, 221, 239, 85, 213, 107, 235, 15, 143, 123, 213, 66, 203, 213, 113, 18, 234, 233, 44, 160, 66, 78, 88, 94, 173, 53, 229, 82, 174, 239, 137, 208, 207, 84, 168, 135, 44, 32, 66, 61, 2, 231, 37, 37, 67, 241, 85, 116, 147, 118, 155, 171, 181, 92, 144, 228, 157, 64, 205, 59, 229, 164, 159, 112, 57, 213, 21, 220, 140, 216, 21, 53, 212, 233, 155, 217, 60, 151, 69, 34, 204, 178, 115, 22, 19, 104, 246, 193, 188, 154, 109, 17, 174, 63, 109, 17, 49, 80, 61, 183, 69, 117, 24, 226, 137, 45, 212, 12, 21, 122, 215, 17, 114, 29, 234, 69, 120, 124, 8, 245, 24, 52, 58, 101, 226, 182, 23, 226, 27, 138, 164, 100, 84, 33, 190, 58, 96, 158, 236, 35, 220, 108, 179, 208, 140, 226, 36, 76, 200, 57, 18, 152, 73, 24, 115, 3, 39, 160, 92, 238, 229, 188, 168, 208, 68, 38, 190, 166, 160, 206, 33, 14, 146, 64, 239, 67, 44, 1, 182, 0, 75, 40, 0, 19, 236, 224, 10, 14, 87, 71, 133, 74, 220, 243, 139, 76, 185, 186, 196, 75, 124, 132, 121, 35, 80, 12, 5, 48, 111, 38, 131, 97, 133, 227, 56, 7, 34, 46, 13, 204, 102, 221, 44, 237, 54, 2, 189, 0, 3, 87, 234, 121, 196, 8, 87, 239, 63, 100, 253, 4, 168, 193, 94, 113, 22, 64, 179, 4, 200, 175, 233, 87, 13, 92, 92, 183, 81, 223, 44, 128, 81, 171, 89, 128, 238, 119, 135, 119, 29, 41, 249, 63, 30, 203, 250, 6, 168, 181, 228, 27, 101, 245, 66, 224, 0, 0, 0, 0, 73, 69, 78, 68, 174, 66, 96, 130};

uint8_t mouse[384] = {137, 80, 78, 71, 13, 10, 26, 10, 0, 0, 0, 13, 73, 72, 68, 82, 0, 0, 0, 15, 0, 0, 0, 15, 8, 6, 0, 0, 0, 59, 214, 149, 74, 0, 0, 0, 1, 115, 82, 71, 66, 0, 174, 206, 28, 233, 0, 0, 0, 4, 103, 65, 77, 65, 0, 0, 177, 143, 11, 252, 97, 5, 0, 0, 0, 9, 112, 72, 89, 115, 0, 0, 14, 195, 0, 0, 14, 195, 1, 199, 111, 168, 100, 0, 0, 1, 21, 73, 68, 65, 84, 56, 79, 99, 192, 14, 254, 51, 242, 87, 108, 17, 4, 97, 134, 250, 122, 38, 168, 32, 126, 32, 154, 181, 138, 135, 191, 96, 253, 52, 129, 130, 245, 47, 5, 10, 214, 189, 22, 40, 92, 247, 30, 204, 46, 92, 63, 151, 63, 127, 189, 0, 84, 25, 118, 192, 95, 176, 110, 33, 80, 243, 68, 134, 220, 109, 236, 2, 69, 235, 50, 249, 11, 215, 183, 51, 164, 205, 100, 229, 47, 92, 215, 10, 100, 111, 128, 42, 195, 4, 194, 165, 27, 120, 129, 154, 159, 48, 132, 174, 98, 6, 241, 225, 154, 193, 224, 63, 35, 208, 5, 55, 129, 106, 164, 32, 124, 52, 0, 116, 154, 46, 208, 214, 195, 80, 46, 154, 102, 160, 171, 10, 215, 111, 17, 44, 90, 103, 3, 229, 162, 2, 144, 102, 160, 63, 111, 3, 13, 72, 131, 224, 117, 75, 129, 244, 118, 36, 254, 37, 188, 154, 129, 166, 63, 6, 26, 208, 129, 29, 175, 191, 131, 95, 51, 146, 179, 209, 1, 65, 103, 15, 140, 102, 80, 34, 0, 6, 202, 35, 80, 180, 64, 133, 80, 0, 80, 243, 53, 193, 162, 245, 178, 80, 46, 38, 0, 6, 202, 42, 160, 237, 109, 168, 73, 18, 24, 199, 133, 235, 42, 129, 46, 219, 9, 21, 192, 14, 192, 182, 23, 174, 95, 2, 73, 158, 235, 207, 128, 48, 208, 176, 231, 192, 208, 94, 195, 147, 187, 82, 20, 170, 140, 0, 168, 95, 197, 198, 95, 176, 70, 9, 132, 101, 10, 87, 114, 66, 69, 169, 9, 24, 24, 0, 56, 229, 143, 117, 106, 208, 1, 115, 0, 0, 0, 0, 73, 69, 78, 68, 174, 66, 96, 130};

uint8_t controller[462] = {137, 80, 78, 71, 13, 10, 26, 10, 0, 0, 0, 13, 73, 72, 68, 82, 0, 0, 0, 15, 0, 0, 0, 15, 8, 6, 0, 0, 0, 59, 214, 149, 74, 0, 0, 0, 1, 115, 82, 71, 66, 0, 174, 206, 28, 233, 0, 0, 0, 4, 103, 65, 77, 65, 0, 0, 177, 143, 11, 252, 97, 5, 0, 0, 0, 9, 112, 72, 89, 115, 0, 0, 14, 195, 0, 0, 14, 195, 1, 199, 111, 168, 100, 0, 0, 1, 99, 73, 68, 65, 84, 56, 79, 205, 80, 187, 74, 3, 65, 20, 29, 16, 84, 48, 217, 217, 221, 24, 17, 17, 20, 5, 65, 252, 4, 173, 196, 136, 130, 109, 192, 66, 193, 66, 84, 144, 37, 179, 99, 172, 44, 210, 138, 160, 95, 32, 216, 216, 100, 201, 222, 137, 22, 249, 6, 11, 95, 104, 163, 96, 165, 182, 250, 13, 222, 51, 153, 8, 46, 4, 75, 61, 112, 97, 238, 185, 231, 220, 199, 136, 127, 128, 168, 213, 39, 85, 99, 226, 183, 16, 181, 164, 215, 57, 218, 8, 52, 205, 201, 216, 188, 249, 49, 221, 249, 202, 92, 119, 13, 174, 67, 23, 168, 198, 172, 179, 10, 193, 228, 149, 167, 211, 82, 78, 95, 14, 162, 145, 163, 127, 32, 175, 105, 10, 219, 65, 7, 189, 37, 7, 246, 210, 33, 116, 203, 239, 82, 129, 187, 31, 73, 69, 15, 82, 165, 243, 182, 232, 16, 168, 139, 153, 64, 209, 142, 175, 105, 197, 158, 199, 122, 248, 48, 117, 205, 87, 116, 90, 172, 38, 195, 76, 158, 115, 131, 151, 32, 78, 87, 157, 207, 130, 243, 37, 169, 169, 44, 149, 217, 12, 163, 150, 7, 61, 124, 226, 251, 193, 144, 21, 51, 46, 181, 217, 176, 142, 12, 164, 106, 46, 120, 113, 61, 196, 155, 7, 172, 195, 39, 120, 218, 163, 253, 69, 135, 160, 66, 203, 92, 56, 204, 6, 120, 39, 17, 94, 149, 38, 113, 30, 38, 127, 138, 114, 210, 3, 50, 140, 210, 81, 220, 227, 197, 102, 155, 87, 220, 234, 68, 59, 167, 215, 194, 126, 115, 196, 186, 89, 207, 211, 63, 176, 194, 115, 88, 161, 105, 112, 252, 33, 7, 156, 31, 91, 65, 6, 124, 218, 9, 234, 120, 227, 3, 57, 127, 18, 158, 162, 69, 238, 250, 206, 27, 220, 242, 148, 251, 92, 84, 47, 90, 117, 6, 224, 81, 247, 99, 115, 131, 237, 240, 7, 182, 48, 86, 59, 235, 199, 29, 157, 245, 187, 130, 235, 208, 65, 239, 152, 63, 129, 16, 95, 90, 27, 178, 11, 145, 182, 142, 185, 0, 0, 0, 0, 73, 69, 78, 68, 174, 66, 96, 130};

uint8_t virtualKey[402] = {137, 80, 78, 71, 13, 10, 26, 10, 0, 0, 0, 13, 73, 72, 68, 82, 0, 0, 0, 15, 0, 0, 0, 15, 8, 6, 0, 0, 0, 59, 214, 149, 74, 0, 0, 0, 4, 115, 66, 73, 84, 8, 8, 8, 8, 124, 8, 100, 136, 0, 0, 0, 9, 112, 72, 89, 115, 0, 0, 0, 211, 0, 0, 0, 211, 1, 212, 218, 238, 249, 0, 0, 0, 25, 116, 69, 88, 116, 83, 111, 102, 116, 119, 97, 114, 101, 0, 119, 119, 119, 46, 105, 110, 107, 115, 99, 97, 112, 101, 46, 111, 114, 103, 155, 238, 60, 26, 0, 0, 1, 15, 73, 68, 65, 84, 40, 145, 205, 142, 191, 74, 195, 112, 20, 133, 191, 251, 75, 64, 104, 69, 28, 138, 162, 8, 218, 234, 32, 248, 10, 10, 241, 21, 180, 182, 79, 160, 147, 163, 115, 27, 29, 172, 79, 209, 65, 183, 80, 255, 188, 64, 212, 169, 207, 32, 226, 160, 5, 67, 64, 69, 71, 49, 244, 119, 29, 234, 16, 77, 67, 221, 244, 108, 231, 220, 243, 113, 15, 252, 11, 69, 205, 202, 201, 99, 179, 178, 63, 244, 214, 40, 31, 68, 141, 197, 227, 116, 102, 210, 70, 148, 174, 40, 59, 186, 133, 147, 206, 7, 94, 182, 81, 237, 230, 194, 36, 166, 3, 148, 226, 229, 133, 213, 116, 28, 175, 44, 173, 1, 37, 28, 183, 147, 11, 207, 180, 238, 158, 80, 174, 85, 76, 253, 219, 103, 181, 117, 224, 106, 214, 191, 125, 206, 255, 60, 216, 30, 0, 85, 245, 61, 23, 64, 125, 207, 69, 169, 162, 26, 252, 172, 102, 96, 155, 140, 157, 1, 147, 17, 61, 15, 32, 178, 15, 235, 192, 68, 146, 244, 79, 71, 194, 115, 173, 155, 23, 84, 67, 177, 82, 3, 16, 49, 53, 32, 156, 63, 234, 189, 142, 132, 1, 84, 36, 0, 187, 17, 239, 77, 23, 81, 221, 20, 149, 204, 228, 92, 248, 195, 216, 115, 144, 113, 91, 44, 28, 2, 133, 119, 167, 127, 241, 107, 184, 236, 223, 191, 1, 151, 168, 236, 162, 132, 95, 62, 35, 119, 88, 8, 32, 70, 219, 106, 101, 10, 161, 157, 215, 249, 59, 125, 2, 20, 227, 94, 99, 132, 199, 29, 230, 0, 0, 0, 0, 73, 69, 78, 68, 174, 66, 96, 130};

uint8_t color[653] = {137, 80, 78, 71, 13, 10, 26, 10, 0, 0, 0, 13, 73, 72, 68, 82, 0, 0, 0, 15, 0, 0, 0, 15, 8, 6, 0, 0, 0, 59, 214, 149, 74, 0, 0, 0, 6, 98, 75, 71, 68, 0, 255, 0, 255, 0, 255, 160, 189, 167, 147, 0, 0, 0, 9, 112, 72, 89, 115, 0, 0, 11, 19, 0, 0, 11, 19, 1, 0, 154, 156, 24, 0, 0, 0, 7, 116, 73, 77, 69, 7, 225, 8, 13, 13, 50, 26, 203, 28, 207, 195, 0, 0, 2, 26, 73, 68, 65, 84, 40, 207, 133, 147, 63, 76, 83, 81, 20, 198, 127, 247, 245, 150, 215, 242, 10, 69, 254, 148, 191, 17, 17, 165, 138, 131, 24, 55, 95, 131, 44, 58, 152, 152, 48, 179, 216, 69, 33, 108, 78, 154, 176, 26, 99, 72, 24, 28, 108, 140, 139, 176, 176, 151, 56, 8, 46, 53, 161, 98, 98, 163, 212, 73, 138, 196, 196, 24, 73, 161, 208, 54, 8, 125, 210, 247, 184, 14, 64, 125, 24, 130, 103, 185, 57, 231, 220, 239, 228, 187, 223, 119, 46, 156, 16, 107, 247, 198, 34, 39, 245, 197, 191, 133, 213, 232, 139, 81, 191, 102, 221, 64, 169, 1, 203, 88, 79, 219, 85, 59, 151, 133, 16, 9, 13, 251, 77, 235, 196, 211, 152, 251, 174, 230, 78, 102, 71, 22, 38, 151, 189, 221, 67, 192, 32, 66, 212, 1, 136, 253, 115, 208, 168, 182, 135, 212, 248, 221, 151, 199, 130, 103, 71, 22, 38, 5, 226, 142, 229, 49, 204, 45, 97, 100, 142, 208, 81, 123, 153, 154, 154, 93, 19, 136, 186, 7, 104, 0, 207, 239, 167, 70, 55, 188, 90, 247, 97, 113, 89, 134, 119, 220, 216, 134, 83, 86, 169, 146, 52, 109, 157, 87, 51, 183, 71, 1, 36, 128, 227, 225, 102, 94, 202, 72, 65, 87, 75, 45, 37, 199, 10, 56, 178, 239, 135, 214, 146, 108, 100, 13, 175, 199, 73, 234, 186, 109, 82, 107, 165, 105, 47, 248, 144, 152, 64, 14, 136, 201, 3, 217, 6, 0, 148, 16, 225, 213, 106, 137, 238, 168, 249, 114, 169, 61, 80, 207, 151, 108, 67, 168, 216, 204, 217, 194, 60, 126, 251, 175, 242, 138, 235, 0, 242, 201, 88, 42, 82, 218, 227, 19, 168, 74, 175, 36, 33, 239, 243, 101, 253, 23, 90, 115, 173, 189, 41, 80, 74, 7, 18, 71, 100, 248, 120, 171, 83, 0, 60, 124, 252, 161, 32, 32, 88, 1, 87, 87, 37, 215, 46, 6, 141, 107, 205, 211, 217, 225, 182, 108, 179, 204, 255, 252, 133, 189, 235, 246, 188, 40, 46, 197, 235, 180, 3, 26, 9, 0, 71, 144, 249, 222, 123, 122, 241, 219, 213, 30, 179, 163, 230, 245, 118, 185, 108, 251, 50, 150, 177, 77, 75, 87, 132, 198, 246, 69, 16, 7, 46, 168, 68, 69, 176, 178, 148, 115, 249, 182, 250, 134, 141, 51, 161, 8, 64, 173, 248, 154, 54, 68, 206, 4, 222, 46, 109, 233, 230, 185, 128, 157, 174, 242, 5, 250, 232, 232, 129, 226, 250, 60, 165, 205, 185, 138, 85, 19, 15, 174, 196, 114, 157, 161, 149, 67, 78, 93, 226, 149, 223, 253, 190, 119, 155, 186, 175, 146, 4, 155, 86, 68, 56, 30, 59, 178, 36, 51, 253, 254, 168, 82, 76, 133, 196, 66, 210, 163, 57, 61, 110, 112, 254, 183, 12, 23, 118, 181, 36, 48, 37, 130, 227, 209, 99, 215, 115, 166, 223, 31, 13, 137, 207, 211, 40, 226, 64, 113, 95, 14, 138, 64, 252, 125, 193, 59, 237, 6, 254, 55, 158, 165, 30, 157, 248, 171, 254, 0, 59, 186, 188, 143, 209, 182, 232, 237, 0, 0, 0, 0, 73, 69, 78, 68, 174, 66, 96, 130};

uint8_t palette[680] = {137, 80, 78, 71, 13, 10, 26, 10, 0, 0, 0, 13, 73, 72, 68, 82, 0, 0, 0, 15, 0, 0, 0, 15, 8, 6, 0, 0, 0, 59, 214, 149, 74, 0, 0, 0, 4, 115, 66, 73, 84, 8, 8, 8, 8, 124, 8, 100, 136, 0, 0, 0, 9, 112, 72, 89, 115, 0, 0, 1, 21, 0, 0, 1, 21, 1, 41, 126, 2, 27, 0, 0, 0, 25, 116, 69, 88, 116, 83, 111, 102, 116, 119, 97, 114, 101, 0, 119, 119, 119, 46, 105, 110, 107, 115, 99, 97, 112, 101, 46, 111, 114, 103, 155, 238, 60, 26, 0, 0, 2, 37, 73, 68, 65, 84, 40, 145, 165, 81, 73, 104, 19, 1, 20, 125, 179, 101, 51, 203, 100, 162, 177, 49, 52, 139, 77, 91, 218, 160, 85, 84, 176, 168, 197, 122, 144, 128, 22, 5, 139, 30, 92, 64, 15, 82, 240, 34, 30, 68, 240, 160, 226, 69, 138, 222, 138, 135, 120, 105, 47, 30, 114, 115, 129, 182, 216, 130, 197, 229, 102, 37, 166, 13, 36, 173, 118, 137, 93, 12, 109, 76, 38, 153, 153, 100, 154, 153, 241, 228, 168, 208, 129, 130, 255, 248, 254, 127, 239, 191, 255, 62, 240, 31, 69, 0, 64, 105, 100, 132, 67, 49, 63, 4, 141, 160, 52, 74, 147, 216, 243, 87, 206, 109, 133, 76, 3, 128, 34, 242, 237, 238, 197, 111, 167, 255, 110, 104, 90, 194, 36, 102, 223, 102, 170, 240, 15, 122, 90, 239, 62, 216, 140, 76, 26, 169, 242, 95, 147, 131, 54, 53, 29, 226, 212, 55, 247, 197, 76, 223, 146, 225, 102, 222, 225, 94, 23, 219, 14, 233, 224, 242, 228, 64, 80, 130, 229, 140, 29, 147, 32, 33, 65, 5, 85, 50, 36, 59, 211, 105, 143, 123, 98, 66, 7, 165, 155, 179, 239, 168, 26, 111, 91, 101, 111, 99, 27, 181, 82, 37, 41, 235, 217, 68, 242, 229, 137, 146, 242, 179, 159, 46, 5, 142, 94, 237, 238, 174, 26, 218, 182, 242, 169, 70, 147, 50, 143, 93, 235, 55, 80, 168, 240, 47, 222, 215, 58, 31, 101, 165, 233, 241, 229, 90, 238, 0, 233, 94, 125, 254, 123, 142, 0, 128, 153, 68, 162, 157, 20, 164, 105, 61, 172, 230, 25, 132, 200, 167, 16, 224, 82, 123, 167, 154, 137, 222, 232, 37, 162, 204, 20, 32, 40, 21, 152, 72, 179, 182, 223, 190, 103, 123, 44, 26, 43, 208, 0, 160, 142, 141, 113, 114, 60, 174, 111, 14, 61, 230, 240, 227, 216, 61, 244, 207, 190, 38, 21, 6, 24, 94, 120, 133, 235, 123, 251, 48, 37, 38, 235, 62, 147, 255, 73, 44, 26, 43, 24, 218, 166, 229, 2, 138, 169, 103, 104, 224, 78, 129, 32, 8, 72, 117, 17, 153, 181, 76, 220, 35, 187, 184, 203, 251, 46, 220, 249, 199, 246, 151, 209, 209, 46, 102, 126, 81, 79, 44, 192, 223, 194, 201, 239, 126, 120, 194, 81, 68, 3, 135, 213, 252, 231, 38, 173, 99, 119, 120, 222, 219, 208, 66, 87, 4, 218, 97, 53, 111, 164, 46, 246, 216, 143, 211, 0, 64, 69, 34, 17, 180, 180, 97, 33, 183, 132, 96, 163, 31, 3, 31, 30, 162, 184, 54, 132, 176, 16, 69, 110, 252, 32, 9, 16, 168, 250, 148, 38, 73, 162, 80, 228, 77, 208, 28, 232, 208, 109, 51, 52, 157, 7, 0, 239, 14, 15, 0, 160, 92, 118, 129, 252, 120, 13, 65, 162, 11, 46, 39, 179, 217, 101, 127, 254, 92, 23, 108, 159, 96, 149, 134, 109, 22, 75, 107, 77, 222, 168, 204, 165, 156, 194, 145, 78, 111, 110, 167, 215, 58, 199, 114, 102, 159, 44, 171, 22, 150, 101, 86, 220, 108, 141, 182, 153, 235, 46, 146, 209, 178, 134, 138, 91, 173, 95, 248, 13, 203, 136, 176, 36, 200, 245, 0, 0, 0, 0, 73, 69, 78, 68, 174, 66, 96, 130};

uint8_t crop[518] = {137, 80, 78, 71, 13, 10, 26, 10, 0, 0, 0, 13, 73, 72, 68, 82, 0, 0, 0, 15, 0, 0, 0, 15, 8, 6, 0, 0, 0, 59, 214, 149, 74, 0, 0, 0, 1, 115, 82, 71, 66, 0, 174, 206, 28, 233, 0, 0, 0, 4, 103, 65, 77, 65, 0, 0, 177, 143, 11, 252, 97, 5, 0, 0, 0, 9, 112, 72, 89, 115, 0, 0, 14, 195, 0, 0, 14, 195, 1, 199, 111, 168, 100, 0, 0, 1, 155, 73, 68, 65, 84, 56, 79, 99, 0, 129, 242, 153, 135, 229, 74, 166, 29, 249, 91, 58, 253, 232, 207, 138, 217, 199, 246, 130, 5, 241, 128, 138, 238, 185, 230, 21, 221, 115, 178, 24, 188, 43, 182, 40, 37, 118, 236, 182, 169, 93, 112, 250, 227, 250, 43, 31, 255, 87, 206, 57, 113, 22, 36, 134, 15, 23, 245, 44, 21, 169, 236, 154, 173, 199, 224, 87, 181, 245, 111, 84, 235, 190, 15, 213, 243, 78, 254, 3, 105, 46, 158, 113, 236, 119, 88, 211, 222, 119, 216, 241, 158, 79, 254, 213, 219, 254, 250, 148, 111, 146, 3, 59, 193, 191, 122, 235, 175, 234, 165, 119, 255, 215, 45, 60, 243, 31, 164, 185, 122, 193, 185, 255, 213, 203, 31, 96, 197, 237, 91, 222, 252, 15, 109, 220, 253, 9, 174, 57, 176, 122, 251, 230, 136, 166, 61, 135, 171, 231, 157, 250, 13, 182, 121, 250, 177, 15, 193, 117, 187, 118, 35, 227, 176, 134, 237, 231, 2, 106, 182, 125, 174, 89, 249, 24, 164, 249, 61, 92, 51, 8, 128, 2, 172, 118, 193, 169, 247, 96, 155, 231, 158, 56, 6, 21, 6, 131, 162, 158, 153, 34, 229, 93, 115, 158, 133, 212, 239, 188, 64, 146, 230, 250, 254, 249, 2, 32, 26, 100, 64, 112, 253, 206, 99, 68, 107, 6, 69, 7, 208, 198, 123, 48, 3, 72, 210, 92, 214, 59, 79, 23, 100, 0, 88, 1, 16, 16, 165, 185, 106, 206, 209, 75, 21, 93, 179, 187, 160, 82, 112, 64, 148, 230, 242, 25, 71, 126, 86, 205, 62, 118, 170, 106, 206, 201, 221, 200, 184, 112, 218, 209, 15, 213, 11, 46, 254, 47, 152, 118, 236, 119, 197, 236, 147, 135, 203, 103, 30, 223, 140, 208, 60, 255, 228, 231, 189, 143, 126, 255, 95, 123, 233, 61, 81, 24, 152, 148, 127, 193, 53, 151, 78, 63, 242, 7, 152, 80, 62, 214, 47, 60, 243, 14, 27, 174, 89, 112, 230, 119, 253, 162, 115, 255, 107, 230, 159, 254, 7, 84, 247, 1, 148, 23, 192, 154, 235, 235, 247, 179, 20, 76, 59, 172, 132, 15, 135, 55, 239, 58, 87, 181, 236, 254, 255, 136, 150, 189, 31, 65, 121, 1, 36, 6, 214, 76, 12, 8, 168, 221, 177, 215, 191, 122, 251, 79, 80, 94, 128, 4, 24, 3, 3, 0, 161, 223, 177, 236, 161, 70, 222, 230, 0, 0, 0, 0, 73, 69, 78, 68, 174, 66, 96, 130};

uint8_t freeze[545] = {137, 80, 78, 71, 13, 10, 26, 10, 0, 0, 0, 13, 73, 72, 68, 82, 0, 0, 0, 15, 0, 0, 0, 15, 8, 6, 0, 0, 0, 59, 214, 149, 74, 0, 0, 0, 6, 98, 75, 71, 68, 0, 255, 0, 255, 0, 255, 160, 189, 167, 147, 0, 0, 1, 214, 73, 68, 65, 84, 40, 145, 181, 82, 203, 75, 212, 81, 24, 61, 231, 222, 25, 103, 124, 140, 163, 22, 45, 44, 243, 49, 65, 37, 185, 232, 1, 133, 16, 41, 66, 84, 155, 104, 213, 162, 93, 165, 81, 12, 146, 139, 162, 157, 179, 13, 23, 45, 28, 38, 101, 148, 252, 39, 218, 180, 41, 18, 2, 35, 11, 122, 208, 64, 101, 18, 65, 96, 146, 204, 204, 111, 172, 240, 119, 239, 105, 81, 216, 75, 108, 81, 157, 229, 247, 29, 248, 206, 119, 206, 1, 254, 23, 58, 174, 151, 174, 172, 183, 231, 90, 195, 182, 108, 113, 63, 140, 221, 65, 248, 94, 193, 220, 134, 119, 133, 249, 116, 114, 230, 87, 158, 249, 233, 82, 54, 232, 107, 25, 173, 52, 127, 37, 170, 85, 78, 71, 0, 181, 206, 167, 147, 51, 45, 163, 149, 230, 142, 108, 208, 247, 35, 63, 2, 0, 109, 215, 150, 26, 24, 139, 140, 72, 110, 218, 146, 45, 0, 166, 130, 71, 179, 65, 52, 81, 111, 86, 202, 165, 0, 0, 172, 113, 135, 197, 104, 216, 158, 43, 143, 211, 174, 92, 158, 59, 215, 84, 92, 149, 189, 117, 172, 220, 105, 60, 70, 253, 199, 229, 61, 203, 133, 194, 93, 8, 55, 9, 223, 77, 242, 190, 135, 142, 214, 110, 239, 60, 104, 107, 106, 103, 195, 136, 6, 223, 12, 36, 158, 125, 151, 157, 145, 177, 94, 103, 12, 145, 251, 252, 234, 197, 3, 144, 37, 18, 141, 50, 180, 94, 12, 9, 6, 159, 230, 94, 62, 4, 149, 179, 161, 78, 35, 35, 179, 166, 97, 27, 251, 239, 92, 141, 122, 151, 115, 150, 39, 37, 59, 76, 106, 220, 203, 142, 25, 184, 83, 11, 249, 158, 225, 223, 221, 206, 200, 180, 111, 42, 143, 144, 188, 87, 121, 242, 248, 188, 11, 221, 59, 74, 79, 37, 237, 2, 56, 77, 170, 215, 70, 171, 26, 106, 186, 186, 38, 36, 117, 191, 94, 72, 92, 66, 134, 254, 155, 108, 122, 103, 56, 233, 133, 11, 241, 212, 182, 125, 144, 234, 37, 44, 17, 114, 0, 32, 32, 94, 149, 74, 29, 144, 144, 54, 228, 13, 100, 232, 87, 127, 222, 50, 81, 108, 178, 30, 67, 36, 167, 24, 175, 190, 184, 152, 63, 116, 28, 84, 93, 164, 62, 121, 140, 84, 108, 49, 223, 115, 194, 196, 171, 135, 0, 78, 122, 96, 112, 115, 182, 180, 97, 53, 170, 183, 103, 147, 31, 0, 244, 119, 100, 131, 190, 80, 246, 57, 0, 212, 237, 222, 91, 7, 231, 124, 204, 218, 198, 247, 0, 156, 183, 183, 162, 212, 206, 185, 116, 98, 224, 159, 52, 108, 93, 252, 169, 219, 127, 133, 47, 68, 15, 204, 207, 225, 63, 112, 78, 0, 0, 0, 0, 73, 69, 78, 68, 174, 66, 96, 130};

uint8_t folderOpen[446] = {137, 80, 78, 71, 13, 10, 26, 10, 0, 0, 0, 13, 73, 72, 68, 82, 0, 0, 0, 15, 0, 0, 0, 15, 8, 6, 0, 0, 0, 59, 214, 149, 74, 0, 0, 0, 6, 98, 75, 71, 68, 0, 32, 0, 74, 0, 135, 54, 83, 138, 238, 0, 0, 0, 9, 112, 72, 89, 115, 0, 0, 11, 19, 0, 0, 11, 19, 1, 0, 154, 156, 24, 0, 0, 0, 7, 116, 73, 77, 69, 7, 224, 7, 12, 18, 44, 0, 4, 245, 206, 58, 0, 0, 1, 75, 73, 68, 65, 84, 40, 207, 197, 147, 61, 75, 3, 65, 16, 134, 159, 189, 219, 64, 236, 44, 140, 85, 192, 194, 210, 96, 33, 10, 74, 10, 11, 255, 129, 54, 105, 148, 164, 80, 4, 21, 11, 123, 27, 193, 218, 143, 160, 30, 22, 86, 105, 253, 25, 118, 70, 16, 132, 20, 22, 154, 34, 151, 34, 49, 4, 133, 124, 92, 146, 177, 216, 36, 151, 147, 11, 54, 130, 3, 3, 59, 59, 243, 206, 204, 190, 51, 11, 255, 37, 10, 32, 155, 70, 124, 203, 200, 254, 221, 168, 21, 46, 58, 155, 65, 246, 78, 239, 233, 21, 215, 65, 129, 101, 25, 135, 8, 50, 56, 3, 216, 54, 236, 222, 6, 19, 106, 17, 192, 115, 113, 203, 62, 208, 182, 33, 149, 2, 213, 15, 213, 26, 114, 185, 144, 202, 0, 244, 62, 168, 86, 192, 214, 65, 103, 187, 13, 141, 47, 147, 180, 211, 130, 203, 77, 4, 5, 202, 2, 29, 25, 128, 169, 209, 108, 250, 96, 165, 192, 243, 160, 217, 128, 213, 35, 67, 199, 242, 143, 170, 206, 142, 26, 84, 174, 209, 237, 66, 189, 14, 189, 14, 136, 24, 157, 73, 44, 128, 123, 2, 197, 99, 159, 204, 8, 56, 215, 230, 253, 6, 220, 125, 229, 253, 13, 214, 50, 23, 196, 102, 87, 224, 121, 169, 31, 156, 135, 82, 126, 216, 31, 17, 112, 178, 62, 113, 230, 90, 170, 68, 39, 32, 150, 56, 128, 66, 18, 236, 224, 216, 134, 99, 236, 132, 17, 214, 42, 177, 184, 113, 6, 173, 71, 104, 63, 64, 52, 4, 12, 56, 231, 193, 113, 105, 4, 152, 156, 39, 30, 63, 132, 74, 18, 166, 66, 182, 193, 26, 179, 37, 87, 105, 68, 228, 69, 68, 158, 68, 132, 177, 122, 179, 221, 223, 194, 209, 182, 203, 159, 176, 149, 156, 251, 117, 143, 227, 211, 127, 252, 49, 190, 1, 76, 91, 122, 53, 34, 75, 100, 173, 0, 0, 0, 0, 73, 69, 78, 68, 174, 66, 96, 130};
uint8_t folderClosed[507] = {137, 80, 78, 71, 13, 10, 26, 10, 0, 0, 0, 13, 73, 72, 68, 82, 0, 0, 0, 15, 0, 0, 0, 15, 8, 6, 0, 0, 0, 59, 214, 149, 74, 0, 0, 0, 6, 98, 75, 71, 68, 0, 255, 0, 255, 0, 255, 160, 189, 167, 147, 0, 0, 0, 9, 112, 72, 89, 115, 0, 0, 11, 19, 0, 0, 11, 19, 1, 0, 154, 156, 24, 0, 0, 0, 7, 116, 73, 77, 69, 7, 224, 3, 31, 19, 21, 13, 194, 46, 11, 187, 0, 0, 1, 136, 73, 68, 65, 84, 40, 207, 165, 146, 207, 138, 19, 65, 16, 198, 127, 95, 117, 79, 178, 235, 26, 73, 16, 81, 16, 97, 79, 130, 7, 189, 121, 200, 201, 119, 217, 39, 216, 167, 240, 49, 246, 186, 175, 145, 147, 32, 8, 130, 168, 57, 8, 139, 18, 4, 89, 33, 203, 66, 52, 56, 61, 221, 229, 97, 102, 204, 40, 18, 15, 126, 80, 84, 117, 85, 215, 191, 143, 130, 61, 88, 46, 230, 251, 194, 104, 185, 152, 143, 220, 203, 145, 151, 198, 59, 151, 100, 161, 145, 133, 111, 143, 158, 189, 40, 251, 146, 13, 56, 181, 80, 173, 71, 7, 211, 171, 209, 193, 244, 170, 26, 79, 214, 102, 241, 13, 94, 158, 242, 15, 104, 185, 152, 175, 103, 119, 30, 206, 110, 223, 123, 2, 4, 82, 250, 206, 229, 234, 37, 155, 235, 213, 89, 110, 242, 115, 5, 187, 9, 14, 222, 167, 56, 224, 196, 234, 6, 49, 55, 121, 54, 185, 53, 33, 109, 87, 72, 17, 89, 100, 50, 189, 75, 147, 54, 39, 102, 241, 4, 9, 24, 10, 72, 198, 118, 243, 149, 152, 82, 2, 191, 166, 100, 64, 1, 20, 57, 60, 172, 56, 58, 126, 12, 138, 72, 17, 136, 200, 218, 24, 68, 66, 24, 243, 238, 213, 57, 49, 213, 9, 202, 22, 47, 254, 171, 122, 198, 200, 50, 36, 3, 2, 40, 180, 69, 20, 128, 72, 9, 99, 82, 93, 19, 235, 212, 116, 73, 62, 144, 220, 174, 233, 234, 169, 193, 101, 221, 63, 67, 94, 145, 234, 68, 108, 234, 68, 172, 34, 37, 231, 29, 39, 61, 47, 252, 78, 18, 56, 78, 65, 42, 164, 212, 16, 235, 31, 137, 183, 175, 223, 3, 66, 38, 76, 173, 150, 122, 49, 100, 12, 222, 194, 204, 168, 235, 212, 18, 246, 224, 248, 62, 165, 120, 199, 36, 3, 86, 59, 91, 253, 240, 173, 51, 152, 113, 241, 225, 35, 177, 228, 204, 167, 139, 21, 32, 204, 132, 204, 6, 221, 173, 245, 13, 186, 202, 68, 8, 214, 238, 236, 14, 95, 62, 95, 14, 206, 6, 212, 183, 218, 13, 209, 153, 187, 17, 188, 56, 17, 152, 149, 242, 199, 9, 251, 80, 249, 223, 239, 218, 140, 255, 194, 79, 246, 91, 150, 213, 10, 64, 222, 147, 0, 0, 0, 0, 73, 69, 78, 68, 174, 66, 96, 130};
uint8_t document[748] = {137, 80, 78, 71, 13, 10, 26, 10, 0, 0, 0, 13, 73, 72, 68, 82, 0, 0, 0, 15, 0, 0, 0, 15, 8, 6, 0, 0, 0, 59, 214, 149, 74, 0, 0, 0, 6, 98, 75, 71, 68, 0, 255, 0, 255, 0, 255, 160, 189, 167, 147, 0, 0, 0, 9, 112, 72, 89, 115, 0, 0, 11, 19, 0, 0, 11, 19, 1, 0, 154, 156, 24, 0, 0, 0, 7, 116, 73, 77, 69, 7, 224, 3, 31, 19, 22, 3, 14, 187, 117, 127, 0, 0, 2, 121, 73, 68, 65, 84, 40, 207, 109, 145, 63, 136, 84, 87, 24, 197, 127, 223, 125, 119, 102, 222, 252, 145, 140, 187, 206, 102, 86, 66, 48, 70, 139, 172, 16, 80, 81, 155, 32, 36, 169, 82, 72, 146, 90, 72, 25, 66, 74, 27, 211, 165, 78, 42, 69, 27, 33, 32, 219, 36, 96, 105, 180, 80, 19, 84, 16, 139, 21, 4, 35, 18, 100, 179, 24, 137, 9, 59, 3, 235, 206, 223, 247, 103, 222, 189, 247, 75, 241, 70, 141, 144, 83, 124, 205, 225, 112, 190, 115, 142, 0, 156, 255, 249, 206, 27, 54, 50, 189, 118, 179, 65, 225, 130, 155, 21, 142, 204, 121, 198, 153, 167, 55, 24, 54, 126, 127, 218, 219, 124, 62, 206, 78, 174, 157, 249, 250, 38, 115, 124, 240, 205, 15, 8, 192, 234, 47, 247, 218, 59, 91, 245, 237, 19, 199, 14, 0, 202, 214, 48, 165, 55, 152, 208, 27, 140, 217, 216, 28, 178, 182, 254, 148, 173, 113, 186, 153, 23, 225, 179, 171, 215, 214, 214, 184, 123, 78, 1, 44, 64, 225, 2, 133, 83, 52, 40, 127, 245, 71, 164, 5, 76, 19, 71, 40, 4, 117, 194, 190, 238, 2, 159, 30, 93, 234, 94, 190, 183, 126, 245, 227, 143, 14, 125, 190, 125, 228, 252, 221, 223, 158, 252, 233, 45, 64, 240, 10, 170, 60, 235, 79, 248, 234, 187, 219, 44, 119, 90, 204, 220, 12, 10, 97, 52, 24, 112, 240, 80, 135, 227, 239, 239, 165, 85, 175, 47, 94, 252, 245, 254, 165, 237, 81, 242, 229, 190, 229, 183, 174, 148, 206, 170, 20, 65, 217, 221, 105, 113, 246, 212, 113, 140, 8, 34, 160, 64, 181, 98, 185, 113, 255, 15, 86, 175, 60, 96, 105, 161, 193, 158, 78, 187, 251, 240, 201, 230, 5, 35, 242, 182, 5, 200, 103, 142, 194, 121, 134, 147, 156, 31, 175, 61, 166, 81, 173, 32, 17, 120, 133, 160, 10, 222, 209, 235, 143, 152, 76, 114, 118, 119, 90, 68, 134, 28, 66, 153, 57, 73, 19, 210, 154, 161, 17, 87, 56, 114, 160, 75, 213, 10, 6, 131, 72, 217, 172, 215, 64, 190, 127, 23, 113, 77, 169, 197, 21, 34, 19, 169, 34, 165, 120, 148, 100, 52, 227, 42, 33, 40, 207, 71, 25, 181, 138, 33, 194, 128, 40, 40, 20, 33, 48, 77, 50, 150, 59, 117, 186, 139, 117, 204, 60, 147, 5, 152, 58, 72, 61, 248, 160, 108, 15, 115, 226, 106, 4, 170, 136, 24, 136, 12, 54, 18, 10, 95, 33, 115, 150, 138, 141, 202, 125, 85, 75, 113, 64, 240, 64, 163, 102, 57, 186, 242, 38, 54, 154, 255, 139, 128, 17, 140, 1, 95, 40, 59, 154, 21, 226, 154, 16, 80, 252, 139, 157, 5, 33, 18, 195, 96, 146, 243, 211, 245, 199, 52, 235, 85, 68, 40, 29, 80, 12, 134, 105, 238, 120, 239, 221, 5, 142, 173, 236, 2, 45, 57, 11, 224, 157, 167, 40, 60, 139, 237, 152, 211, 95, 28, 70, 230, 77, 201, 127, 78, 80, 37, 174, 89, 210, 60, 127, 201, 91, 128, 113, 146, 145, 181, 98, 250, 91, 9, 167, 206, 220, 162, 189, 163, 134, 136, 65, 85, 9, 33, 96, 80, 198, 83, 199, 202, 59, 11, 156, 248, 112, 47, 138, 190, 18, 39, 105, 70, 150, 207, 88, 90, 108, 176, 250, 237, 39, 101, 155, 175, 65, 81, 5, 27, 25, 188, 40, 77, 43, 146, 154, 121, 97, 15, 54, 158, 233, 250, 223, 253, 252, 228, 247, 83, 210, 153, 115, 252, 31, 4, 76, 80, 213, 160, 173, 71, 27, 255, 164, 121, 225, 248, 23, 26, 233, 45, 223, 74, 183, 190, 153, 0, 0, 0, 0, 73, 69, 78, 68, 174, 66, 96, 130};

uint8_t counter[214] = {137, 80, 78, 71, 13, 10, 26, 10, 0, 0, 0, 13, 73, 72, 68, 82, 0, 0, 0, 15, 0, 0, 0, 15, 8, 6, 0, 0, 0, 59, 214, 149, 74, 0, 0, 0, 6, 98, 75, 71, 68, 0, 255, 0, 255, 0, 255, 160, 189, 167, 147, 0, 0, 0, 9, 112, 72, 89, 115, 0, 0, 14, 195, 0, 0, 14, 195, 1, 199, 111, 168, 100, 0, 0, 0, 7, 116, 73, 77, 69, 7, 226, 5, 10, 8, 37, 8, 216, 62, 118, 80, 0, 0, 0, 99, 73, 68, 65, 84, 40, 207, 99, 96, 24, 146, 128, 49, 39, 110, 107, 7, 3, 3, 67, 57, 25, 122, 123, 24, 114, 226, 182, 254, 39, 199, 214, 156, 184, 173, 255, 89, 144, 56, 55, 24, 24, 24, 212, 25, 24, 24, 174, 77, 89, 228, 173, 77, 136, 207, 192, 192, 192, 192, 132, 100, 152, 250, 148, 69, 222, 140, 12, 12, 12, 90, 68, 242, 81, 52, 147, 12, 168, 166, 249, 26, 52, 240, 174, 17, 201, 103, 160, 56, 180, 59, 200, 52, 160, 103, 104, 38, 109, 6, 0, 243, 28, 49, 157, 107, 91, 2, 135, 0, 0, 0, 0, 73, 69, 78, 68, 174, 66, 96, 130};
uint8_t play[295] = {137, 80, 78, 71, 13, 10, 26, 10, 0, 0, 0, 13, 73, 72, 68, 82, 0, 0, 0, 15, 0, 0, 0, 15, 8, 6, 0, 0, 0, 59, 214, 149, 74, 0, 0, 0, 1, 115, 82, 71, 66, 0, 174, 206, 28, 233, 0, 0, 0, 4, 103, 65, 77, 65, 0, 0, 177, 143, 11, 252, 97, 5, 0, 0, 0, 9, 112, 72, 89, 115, 0, 0, 14, 195, 0, 0, 14, 195, 1, 199, 111, 168, 100, 0, 0, 0, 188, 73, 68, 65, 84, 56, 79, 99, 160, 26, 152, 182, 120, 177, 58, 148, 73, 58, 152, 178, 100, 233, 207, 41, 75, 151, 118, 79, 89, 181, 138, 7, 42, 68, 60, 152, 186, 116, 217, 127, 16, 158, 178, 116, 217, 179, 41, 75, 150, 199, 254, 255, 255, 159, 17, 42, 69, 24, 192, 52, 195, 241, 146, 101, 199, 166, 45, 91, 102, 8, 149, 198, 15, 48, 52, 67, 240, 223, 41, 75, 150, 205, 156, 185, 116, 169, 8, 84, 25, 118, 128, 69, 35, 50, 126, 63, 117, 233, 210, 172, 250, 253, 251, 89, 160, 202, 81, 1, 22, 13, 24, 24, 24, 160, 157, 80, 229, 168, 0, 155, 98, 36, 124, 123, 218, 226, 101, 126, 80, 165, 152, 0, 139, 6, 96, 160, 45, 253, 12, 116, 110, 245, 252, 249, 243, 57, 160, 202, 176, 3, 44, 26, 151, 205, 92, 184, 74, 14, 42, 141, 31, 32, 52, 46, 189, 48, 121, 241, 114, 7, 168, 48, 113, 0, 24, 37, 239, 240, 134, 40, 62, 64, 48, 46, 169, 7, 24, 24, 0, 52, 243, 198, 67, 221, 162, 87, 68, 0, 0, 0, 0, 73, 69, 78, 68, 174, 66, 96, 130};
uint8_t playHi[294] = {137, 80, 78, 71, 13, 10, 26, 10, 0, 0, 0, 13, 73, 72, 68, 82, 0, 0, 0, 15, 0, 0, 0, 15, 8, 6, 0, 0, 0, 59, 214, 149, 74, 0, 0, 0, 1, 115, 82, 71, 66, 0, 174, 206, 28, 233, 0, 0, 0, 4, 103, 65, 77, 65, 0, 0, 177, 143, 11, 252, 97, 5, 0, 0, 0, 9, 112, 72, 89, 115, 0, 0, 14, 195, 0, 0, 14, 195, 1, 199, 111, 168, 100, 0, 0, 0, 187, 73, 68, 65, 84, 56, 79, 99, 160, 26, 200, 143, 222, 174, 14, 101, 146, 14, 178, 227, 182, 254, 204, 137, 221, 218, 157, 21, 186, 159, 7, 42, 68, 60, 200, 137, 219, 250, 31, 132, 179, 227, 182, 60, 203, 138, 221, 18, 203, 192, 240, 159, 17, 42, 69, 24, 192, 52, 35, 225, 99, 185, 177, 219, 12, 161, 210, 248, 1, 22, 205, 255, 179, 99, 183, 254, 5, 122, 101, 102, 90, 228, 38, 17, 168, 50, 236, 0, 155, 102, 24, 6, 26, 242, 62, 39, 118, 75, 86, 189, 253, 126, 22, 168, 114, 84, 128, 77, 19, 58, 6, 134, 71, 39, 84, 57, 42, 192, 166, 24, 129, 183, 220, 206, 142, 219, 236, 7, 85, 138, 9, 112, 104, 250, 156, 29, 187, 165, 58, 62, 126, 63, 7, 84, 25, 118, 128, 174, 17, 232, 207, 101, 121, 177, 155, 228, 160, 210, 248, 1, 92, 83, 220, 214, 11, 217, 241, 155, 29, 160, 194, 196, 1, 160, 198, 119, 120, 67, 20, 31, 32, 24, 151, 212, 3, 12, 12, 0, 33, 79, 168, 45, 50, 79, 170, 130, 0, 0, 0, 0, 73, 69, 78, 68, 174, 66, 96, 130};
uint8_t playHiPause[288] = {137, 80, 78, 71, 13, 10, 26, 10, 0, 0, 0, 13, 73, 72, 68, 82, 0, 0, 0, 15, 0, 0, 0, 15, 8, 6, 0, 0, 0, 59, 214, 149, 74, 0, 0, 0, 6, 98, 75, 71, 68, 0, 119, 0, 119, 0, 119, 45, 110, 29, 234, 0, 0, 0, 9, 112, 72, 89, 115, 0, 0, 14, 195, 0, 0, 14, 195, 1, 199, 111, 168, 100, 0, 0, 0, 7, 116, 73, 77, 69, 7, 228, 12, 5, 20, 27, 37, 74, 50, 250, 118, 0, 0, 0, 173, 73, 68, 65, 84, 40, 207, 99, 156, 50, 97, 213, 127, 6, 50, 1, 19, 3, 5, 0, 69, 243, 194, 233, 231, 126, 145, 111, 51, 35, 35, 219, 194, 25, 231, 25, 118, 111, 191, 241, 154, 108, 103, 63, 123, 248, 93, 116, 225, 140, 243, 12, 207, 158, 190, 127, 70, 182, 159, 119, 111, 126, 32, 181, 112, 198, 185, 127, 20, 4, 24, 35, 211, 194, 25, 231, 25, 86, 44, 184, 240, 145, 236, 208, 254, 249, 227, 63, 255, 194, 25, 231, 81, 196, 88, 136, 213, 172, 99, 36, 244, 204, 216, 76, 94, 138, 52, 205, 255, 255, 127, 137, 207, 52, 226, 97, 96, 96, 144, 66, 151, 194, 171, 57, 54, 77, 255, 55, 19, 19, 19, 15, 46, 121, 172, 154, 45, 29, 165, 158, 170, 169, 139, 75, 51, 48, 48, 176, 226, 51, 28, 69, 51, 39, 55, 243, 135, 176, 88, 61, 1, 6, 6, 6, 105, 146, 19, 9, 84, 35, 125, 50, 6, 0, 50, 102, 48, 71, 113, 80, 254, 42, 0, 0, 0, 0, 73, 69, 78, 68, 174, 66, 96, 130};
uint8_t record[339] = {137, 80, 78, 71, 13, 10, 26, 10, 0, 0, 0, 13, 73, 72, 68, 82, 0, 0, 0, 15, 0, 0, 0, 15, 8, 6, 0, 0, 0, 59, 214, 149, 74, 0, 0, 0, 1, 115, 82, 71, 66, 0, 174, 206, 28, 233, 0, 0, 0, 4, 103, 65, 77, 65, 0, 0, 177, 143, 11, 252, 97, 5, 0, 0, 0, 9, 112, 72, 89, 115, 0, 0, 14, 195, 0, 0, 14, 195, 1, 199, 111, 168, 100, 0, 0, 0, 232, 73, 68, 65, 84, 56, 79, 181, 146, 187, 13, 194, 48, 16, 134, 13, 19, 64, 5, 13, 43, 32, 68, 15, 45, 98, 1, 42, 216, 1, 177, 64, 70, 32, 82, 156, 180, 20, 241, 157, 81, 24, 128, 37, 160, 103, 17, 36, 40, 192, 216, 241, 161, 60, 184, 136, 6, 62, 233, 47, 18, 253, 95, 252, 184, 136, 191, 16, 107, 61, 136, 210, 253, 88, 102, 89, 159, 94, 125, 39, 70, 92, 74, 192, 75, 12, 104, 222, 177, 207, 167, 8, 96, 70, 21, 30, 169, 48, 44, 75, 229, 72, 5, 207, 24, 96, 67, 213, 42, 82, 233, 21, 39, 149, 227, 62, 144, 164, 122, 66, 74, 65, 125, 171, 141, 81, 112, 36, 197, 227, 46, 135, 45, 50, 177, 171, 223, 131, 32, 104, 147, 234, 182, 172, 70, 92, 177, 41, 219, 221, 174, 67, 170, 16, 33, 98, 143, 43, 113, 145, 0, 87, 99, 76, 139, 84, 143, 189, 201, 51, 87, 254, 12, 28, 72, 41, 72, 148, 158, 251, 113, 112, 130, 143, 59, 175, 253, 15, 134, 164, 84, 137, 82, 92, 219, 210, 163, 46, 229, 81, 112, 147, 136, 11, 170, 242, 216, 203, 155, 186, 113, 228, 171, 88, 201, 157, 209, 142, 49, 107, 92, 145, 195, 141, 35, 1, 232, 210, 227, 175, 17, 226, 5, 94, 237, 68, 133, 192, 116, 110, 214, 0, 0, 0, 0, 73, 69, 78, 68, 174, 66, 96, 130};
uint8_t recordHi[336] = {137, 80, 78, 71, 13, 10, 26, 10, 0, 0, 0, 13, 73, 72, 68, 82, 0, 0, 0, 15, 0, 0, 0, 15, 8, 6, 0, 0, 0, 59, 214, 149, 74, 0, 0, 0, 1, 115, 82, 71, 66, 0, 174, 206, 28, 233, 0, 0, 0, 4, 103, 65, 77, 65, 0, 0, 177, 143, 11, 252, 97, 5, 0, 0, 0, 9, 112, 72, 89, 115, 0, 0, 14, 195, 0, 0, 14, 195, 1, 199, 111, 168, 100, 0, 0, 0, 229, 73, 68, 65, 84, 56, 79, 181, 145, 65, 14, 193, 64, 20, 134, 135, 19, 176, 98, 227, 10, 34, 54, 18, 243, 70, 151, 162, 111, 26, 59, 43, 238, 32, 46, 224, 10, 206, 193, 1, 92, 130, 189, 157, 72, 116, 90, 7, 144, 176, 160, 102, 120, 161, 229, 53, 54, 124, 201, 159, 166, 157, 255, 155, 233, 204, 136, 191, 176, 239, 171, 90, 168, 85, 243, 224, 123, 85, 250, 244, 29, 227, 195, 48, 66, 216, 68, 26, 146, 84, 86, 33, 170, 46, 85, 120, 140, 134, 217, 155, 244, 140, 29, 187, 218, 76, 168, 154, 197, 14, 140, 56, 41, 29, 55, 65, 136, 109, 69, 202, 11, 230, 87, 115, 34, 151, 164, 60, 112, 135, 195, 23, 153, 32, 156, 147, 169, 40, 146, 106, 101, 191, 221, 96, 139, 57, 217, 246, 189, 18, 169, 66, 196, 65, 171, 194, 149, 216, 32, 28, 19, 33, 10, 164, 62, 136, 80, 174, 217, 242, 71, 228, 130, 148, 23, 70, 203, 158, 59, 77, 94, 160, 216, 253, 198, 1, 212, 73, 201, 18, 162, 28, 27, 132, 11, 43, 106, 121, 138, 2, 57, 160, 42, 143, 241, 85, 199, 93, 135, 91, 229, 46, 217, 61, 218, 231, 60, 119, 69, 14, 119, 29, 59, 132, 50, 189, 254, 26, 33, 110, 21, 70, 14, 238, 84, 168, 20, 32, 0, 0, 0, 0, 73, 69, 78, 68, 174, 66, 96, 130};
uint8_t stop[164] = {137, 80, 78, 71, 13, 10, 26, 10, 0, 0, 0, 13, 73, 72, 68, 82, 0, 0, 0, 15, 0, 0, 0, 15, 8, 6, 0, 0, 0, 59, 214, 149, 74, 0, 0, 0, 1, 115, 82, 71, 66, 0, 174, 206, 28, 233, 0, 0, 0, 4, 103, 65, 77, 65, 0, 0, 177, 143, 11, 252, 97, 5, 0, 0, 0, 9, 112, 72, 89, 115, 0, 0, 14, 195, 0, 0, 14, 195, 1, 199, 111, 168, 100, 0, 0, 0, 57, 73, 68, 65, 84, 56, 79, 99, 160, 24, 212, 239, 223, 207, 50, 109, 233, 82, 37, 98, 49, 72, 61, 84, 43, 3, 195, 204, 133, 171, 228, 166, 46, 93, 246, 159, 88, 12, 82, 15, 213, 58, 170, 153, 24, 60, 170, 153, 18, 205, 20, 165, 109, 242, 0, 3, 3, 0, 20, 241, 187, 211, 138, 117, 225, 114, 0, 0, 0, 0, 73, 69, 78, 68, 174, 66, 96, 130};
uint8_t stopHi[163] = {137, 80, 78, 71, 13, 10, 26, 10, 0, 0, 0, 13, 73, 72, 68, 82, 0, 0, 0, 15, 0, 0, 0, 15, 8, 6, 0, 0, 0, 59, 214, 149, 74, 0, 0, 0, 1, 115, 82, 71, 66, 0, 174, 206, 28, 233, 0, 0, 0, 4, 103, 65, 77, 65, 0, 0, 177, 143, 11, 252, 97, 5, 0, 0, 0, 9, 112, 72, 89, 115, 0, 0, 14, 195, 0, 0, 14, 195, 1, 199, 111, 168, 100, 0, 0, 0, 56, 73, 68, 65, 84, 56, 79, 99, 160, 24, 212, 219, 239, 103, 201, 76, 220, 162, 68, 44, 6, 169, 135, 106, 101, 96, 200, 139, 221, 36, 151, 19, 183, 245, 63, 177, 24, 164, 30, 170, 117, 84, 51, 49, 120, 84, 51, 37, 154, 41, 74, 219, 228, 1, 6, 6, 0, 104, 158, 122, 180, 56, 238, 153, 4, 0, 0, 0, 0, 73, 69, 78, 68, 174, 66, 96, 130};
uint8_t forward[369] = {137, 80, 78, 71, 13, 10, 26, 10, 0, 0, 0, 13, 73, 72, 68, 82, 0, 0, 0, 15, 0, 0, 0, 15, 8, 6, 0, 0, 0, 59, 214, 149, 74, 0, 0, 0, 1, 115, 82, 71, 66, 0, 174, 206, 28, 233, 0, 0, 0, 4, 103, 65, 77, 65, 0, 0, 177, 143, 11, 252, 97, 5, 0, 0, 0, 9, 112, 72, 89, 115, 0, 0, 14, 195, 0, 0, 14, 195, 1, 199, 111, 168, 100, 0, 0, 1, 6, 73, 68, 65, 84, 56, 79, 99, 24, 56, 208, 63, 127, 190, 192, 228, 197, 43, 140, 160, 92, 20, 48, 121, 217, 50, 87, 40, 19, 59, 152, 185, 112, 149, 220, 212, 37, 75, 127, 79, 89, 186, 180, 109, 254, 252, 249, 28, 80, 97, 48, 0, 138, 61, 156, 178, 100, 217, 122, 160, 33, 82, 80, 33, 84, 0, 214, 188, 116, 217, 127, 16, 158, 178, 116, 217, 141, 169, 203, 151, 91, 65, 165, 192, 154, 161, 114, 239, 167, 44, 94, 150, 244, 255, 255, 127, 70, 168, 20, 4, 32, 107, 134, 226, 191, 83, 150, 44, 157, 212, 189, 104, 17, 55, 146, 102, 8, 94, 178, 116, 215, 164, 69, 139, 20, 161, 90, 177, 106, 134, 225, 123, 64, 151, 124, 194, 16, 95, 178, 244, 243, 212, 101, 203, 114, 235, 235, 235, 153, 240, 105, 198, 139, 129, 97, 81, 136, 83, 51, 80, 242, 36, 16, 191, 195, 144, 91, 178, 244, 233, 148, 37, 75, 252, 177, 59, 123, 201, 210, 111, 83, 151, 46, 45, 90, 181, 106, 21, 51, 178, 159, 129, 225, 240, 15, 40, 62, 23, 20, 181, 96, 141, 32, 128, 170, 121, 233, 254, 41, 139, 22, 169, 64, 165, 144, 67, 251, 30, 214, 56, 135, 106, 254, 56, 117, 201, 178, 12, 244, 168, 0, 218, 118, 31, 22, 242, 80, 33, 84, 48, 103, 206, 28, 222, 137, 139, 23, 203, 64, 185, 40, 96, 202, 178, 101, 218, 80, 230, 160, 2, 12, 12, 0, 210, 137, 25, 168, 221, 169, 9, 170, 0, 0, 0, 0, 73, 69, 78, 68, 174, 66, 96, 130};
uint8_t forwardHi[368] = {137, 80, 78, 71, 13, 10, 26, 10, 0, 0, 0, 13, 73, 72, 68, 82, 0, 0, 0, 15, 0, 0, 0, 15, 8, 6, 0, 0, 0, 59, 214, 149, 74, 0, 0, 0, 1, 115, 82, 71, 66, 0, 174, 206, 28, 233, 0, 0, 0, 4, 103, 65, 77, 65, 0, 0, 177, 143, 11, 252, 97, 5, 0, 0, 0, 9, 112, 72, 89, 115, 0, 0, 14, 195, 0, 0, 14, 195, 1, 199, 111, 168, 100, 0, 0, 1, 5, 73, 68, 65, 84, 56, 79, 99, 24, 56, 144, 31, 191, 94, 32, 59, 122, 147, 17, 148, 139, 2, 178, 99, 182, 186, 66, 153, 216, 65, 94, 236, 38, 185, 236, 184, 45, 191, 115, 98, 183, 180, 197, 199, 239, 231, 128, 10, 131, 65, 118, 220, 214, 135, 64, 185, 245, 217, 73, 27, 164, 160, 66, 168, 0, 164, 57, 39, 110, 235, 127, 16, 6, 42, 188, 145, 27, 179, 197, 10, 42, 5, 214, 12, 22, 143, 221, 250, 62, 55, 118, 91, 18, 3, 195, 127, 70, 168, 20, 4, 32, 107, 134, 42, 252, 11, 164, 39, 21, 199, 236, 228, 134, 105, 70, 224, 45, 187, 114, 98, 54, 42, 66, 181, 98, 106, 134, 97, 160, 198, 123, 64, 131, 62, 97, 202, 109, 249, 156, 29, 187, 37, 183, 190, 190, 158, 9, 167, 102, 194, 120, 75, 33, 110, 155, 99, 183, 158, 4, 210, 239, 208, 197, 115, 98, 183, 62, 205, 138, 221, 226, 143, 213, 217, 64, 231, 126, 3, 106, 44, 10, 13, 93, 197, 140, 234, 231, 45, 255, 128, 1, 58, 23, 20, 181, 96, 141, 32, 128, 162, 57, 118, 235, 254, 172, 152, 29, 42, 80, 41, 68, 104, 131, 252, 143, 45, 206, 65, 154, 129, 38, 126, 4, 218, 150, 129, 30, 21, 192, 128, 185, 15, 212, 12, 14, 121, 168, 16, 42, 40, 77, 218, 192, 155, 27, 189, 77, 6, 202, 69, 1, 89, 113, 219, 181, 161, 204, 65, 5, 24, 24, 0, 228, 36, 237, 106, 12, 48, 189, 3, 0, 0, 0, 0, 73, 69, 78, 68, 174, 66, 96, 130};
uint8_t rewind[373] = {137, 80, 78, 71, 13, 10, 26, 10, 0, 0, 0, 13, 73, 72, 68, 82, 0, 0, 0, 15, 0, 0, 0, 15, 8, 6, 0, 0, 0, 59, 214, 149, 74, 0, 0, 0, 1, 115, 82, 71, 66, 0, 174, 206, 28, 233, 0, 0, 0, 4, 103, 65, 77, 65, 0, 0, 177, 143, 11, 252, 97, 5, 0, 0, 0, 9, 112, 72, 89, 115, 0, 0, 14, 195, 0, 0, 14, 195, 1, 199, 111, 168, 100, 0, 0, 1, 10, 73, 68, 65, 84, 56, 79, 99, 24, 124, 160, 190, 190, 158, 105, 202, 226, 229, 206, 80, 46, 10, 152, 182, 108, 153, 19, 148, 137, 9, 38, 47, 95, 174, 54, 117, 233, 178, 131, 83, 151, 44, 59, 12, 21, 2, 131, 153, 171, 86, 241, 79, 93, 186, 116, 214, 148, 37, 75, 255, 65, 133, 16, 160, 126, 255, 126, 150, 41, 75, 151, 150, 78, 93, 178, 244, 27, 80, 243, 127, 100, 205, 147, 151, 44, 241, 1, 202, 61, 1, 139, 3, 49, 84, 24, 2, 128, 146, 186, 64, 77, 167, 97, 146, 48, 205, 51, 151, 46, 21, 1, 106, 90, 138, 34, 14, 196, 96, 77, 171, 86, 173, 98, 155, 178, 100, 89, 35, 208, 41, 63, 209, 21, 0, 13, 123, 62, 101, 233, 178, 151, 24, 226, 64, 12, 214, 12, 244, 67, 63, 54, 73, 66, 24, 172, 249, 255, 255, 255, 140, 83, 22, 47, 75, 2, 10, 188, 71, 87, 0, 116, 205, 125, 160, 205, 55, 208, 197, 65, 24, 172, 25, 6, 38, 47, 91, 38, 5, 20, 220, 128, 162, 8, 232, 231, 249, 243, 231, 115, 0, 253, 220, 6, 244, 194, 111, 100, 57, 168, 54, 84, 48, 121, 233, 210, 8, 184, 63, 145, 67, 123, 241, 10, 35, 160, 216, 121, 188, 154, 65, 0, 30, 194, 104, 241, 12, 142, 202, 37, 203, 106, 128, 174, 248, 1, 21, 194, 13, 166, 44, 91, 166, 13, 101, 162, 128, 169, 203, 151, 107, 66, 153, 3, 2, 24, 24, 0, 230, 189, 8, 62, 204, 204, 255, 56, 0, 0, 0, 0, 73, 69, 78, 68, 174, 66, 96, 130};
uint8_t rewindHi[366] = {137, 80, 78, 71, 13, 10, 26, 10, 0, 0, 0, 13, 73, 72, 68, 82, 0, 0, 0, 15, 0, 0, 0, 15, 8, 6, 0, 0, 0, 59, 214, 149, 74, 0, 0, 0, 1, 115, 82, 71, 66, 0, 174, 206, 28, 233, 0, 0, 0, 4, 103, 65, 77, 65, 0, 0, 177, 143, 11, 252, 97, 5, 0, 0, 0, 9, 112, 72, 89, 115, 0, 0, 14, 195, 0, 0, 14, 195, 1, 199, 111, 168, 100, 0, 0, 1, 3, 73, 68, 65, 84, 56, 79, 99, 24, 124, 160, 190, 190, 158, 41, 43, 126, 155, 51, 148, 139, 2, 114, 98, 182, 58, 65, 153, 152, 32, 59, 118, 171, 90, 78, 236, 214, 131, 57, 113, 91, 14, 67, 133, 192, 32, 45, 109, 55, 127, 118, 220, 150, 89, 64, 241, 127, 80, 33, 4, 168, 183, 223, 207, 146, 19, 187, 165, 52, 59, 110, 235, 183, 156, 184, 173, 255, 145, 53, 3, 13, 244, 1, 26, 248, 4, 34, 190, 245, 63, 84, 24, 2, 178, 19, 182, 234, 2, 21, 159, 134, 73, 194, 52, 167, 69, 110, 18, 1, 210, 75, 81, 197, 161, 154, 235, 67, 87, 177, 1, 57, 141, 64, 219, 126, 162, 43, 0, 218, 244, 28, 168, 241, 37, 134, 56, 16, 131, 53, 3, 25, 253, 232, 18, 196, 96, 176, 102, 6, 134, 255, 140, 185, 177, 219, 146, 128, 126, 122, 143, 174, 32, 59, 118, 203, 125, 96, 0, 221, 64, 23, 7, 97, 168, 102, 8, 200, 78, 218, 32, 5, 20, 220, 128, 170, 104, 203, 225, 248, 248, 253, 28, 192, 64, 108, 3, 26, 242, 27, 89, 14, 170, 13, 21, 100, 199, 108, 142, 64, 248, 19, 41, 180, 163, 55, 25, 1, 195, 224, 60, 94, 205, 32, 128, 8, 97, 212, 120, 6, 71, 101, 220, 150, 26, 160, 119, 126, 64, 133, 112, 131, 172, 184, 237, 218, 80, 38, 10, 200, 140, 221, 162, 9, 101, 14, 8, 96, 96, 0, 0, 43, 173, 224, 139, 202, 249, 126, 114, 0, 0, 0, 0, 73, 69, 78, 68, 174, 66, 96, 130};

uint8_t lightgun[512] = {137, 80, 78, 71, 13, 10, 26, 10, 0, 0, 0, 13, 73, 72, 68, 82, 0, 0, 0, 15, 0, 0, 0, 15, 8, 6, 0, 0, 0, 59, 214, 149, 74, 0, 0, 0, 1, 115, 82, 71, 66, 0, 174, 206, 28, 233, 0, 0, 0, 4, 103, 65, 77, 65, 0, 0, 177, 143, 11, 252, 97, 5, 0, 0, 0, 9, 112, 72, 89, 115, 0, 0, 14, 195, 0, 0, 14, 195, 1, 199, 111, 168, 100, 0, 0, 1, 149, 73, 68, 65, 84, 56, 79, 99, 24, 56, 16, 59, 243, 140, 92, 230, 188, 203, 237, 81, 211, 206, 47, 203, 156, 127, 165, 21, 134, 67, 39, 158, 221, 6, 194, 209, 83, 207, 47, 69, 22, 143, 157, 118, 97, 126, 210, 156, 203, 19, 83, 230, 92, 170, 103, 168, 91, 123, 123, 241, 189, 15, 255, 254, 223, 71, 195, 171, 78, 191, 250, 191, 232, 216, 139, 255, 7, 239, 124, 198, 144, 3, 225, 69, 199, 158, 63, 98, 200, 90, 116, 253, 206, 196, 125, 47, 254, 147, 130, 231, 30, 121, 241, 127, 209, 241, 23, 15, 25, 178, 22, 92, 223, 92, 191, 241, 225, 179, 85, 151, 191, 255, 93, 115, 253, 239, 255, 117, 55, 254, 254, 159, 125, 252, 195, 143, 218, 245, 15, 158, 55, 109, 126, 116, 175, 118, 253, 253, 103, 157, 187, 95, 124, 5, 177, 65, 184, 126, 195, 195, 123, 173, 155, 239, 110, 171, 94, 119, 187, 9, 234, 115, 6, 134, 186, 141, 15, 79, 44, 186, 4, 116, 238, 181, 191, 255, 243, 150, 221, 154, 237, 222, 126, 194, 223, 187, 229, 152, 180, 71, 199, 9, 153, 200, 169, 231, 143, 67, 149, 97, 2, 223, 9, 199, 197, 187, 119, 189, 124, 56, 247, 60, 208, 230, 107, 191, 255, 199, 206, 184, 212, 233, 216, 117, 90, 217, 173, 243, 84, 120, 212, 180, 139, 147, 226, 103, 93, 46, 128, 42, 197, 4, 217, 75, 110, 44, 92, 13, 116, 242, 252, 11, 127, 255, 207, 58, 246, 254, 121, 246, 162, 155, 59, 227, 102, 94, 58, 4, 198, 51, 46, 31, 143, 158, 122, 206, 20, 170, 20, 21, 4, 77, 186, 164, 49, 233, 224, 219, 151, 32, 91, 87, 94, 253, 251, 191, 104, 197, 157, 197, 80, 41, 194, 32, 127, 249, 237, 5, 171, 129, 254, 156, 113, 230, 239, 255, 21, 23, 127, 252, 141, 157, 113, 49, 10, 42, 69, 24, 52, 108, 126, 124, 118, 209, 197, 127, 96, 39, 183, 239, 120, 126, 203, 99, 226, 54, 118, 168, 20, 97, 208, 180, 245, 201, 157, 141, 55, 255, 253, 223, 116, 235, 223, 255, 226, 21, 119, 151, 65, 133, 137, 3, 73, 179, 174, 36, 228, 44, 190, 53, 51, 125, 193, 141, 137, 9, 83, 47, 203, 66, 133, 105, 13, 24, 24, 0, 143, 248, 59, 47, 29, 61, 92, 139, 0, 0, 0, 0, 73, 69, 78, 68, 174, 66, 96, 130};
uint8_t lightpen[434] = {137, 80, 78, 71, 13, 10, 26, 10, 0, 0, 0, 13, 73, 72, 68, 82, 0, 0, 0, 15, 0, 0, 0, 15, 8, 6, 0, 0, 0, 59, 214, 149, 74, 0, 0, 0, 1, 115, 82, 71, 66, 0, 174, 206, 28, 233, 0, 0, 0, 4, 103, 65, 77, 65, 0, 0, 177, 143, 11, 252, 97, 5, 0, 0, 0, 9, 112, 72, 89, 115, 0, 0, 14, 195, 0, 0, 14, 195, 1, 199, 111, 168, 100, 0, 0, 1, 71, 73, 68, 65, 84, 56, 79, 99, 32, 4, 124, 234, 207, 112, 121, 180, 158, 208, 2, 177, 253, 123, 78, 201, 6, 247, 157, 212, 6, 75, 16, 2, 32, 141, 110, 29, 39, 74, 220, 58, 142, 90, 101, 46, 186, 178, 97, 205, 249, 87, 175, 182, 94, 126, 255, 169, 116, 217, 245, 105, 80, 37, 184, 129, 91, 199, 177, 130, 144, 222, 99, 156, 149, 107, 239, 118, 205, 58, 249, 237, 111, 211, 214, 167, 255, 239, 188, 251, 251, 127, 243, 165, 247, 31, 92, 58, 14, 203, 65, 149, 97, 2, 143, 246, 99, 129, 110, 173, 71, 53, 64, 26, 23, 156, 251, 245, 119, 198, 153, 191, 255, 39, 157, 248, 249, 31, 100, 192, 146, 19, 175, 158, 123, 117, 157, 148, 128, 42, 133, 0, 247, 246, 227, 10, 30, 29, 199, 87, 185, 183, 159, 240, 119, 107, 59, 230, 1, 210, 56, 31, 170, 17, 134, 103, 158, 250, 246, 183, 96, 249, 141, 30, 168, 22, 4, 8, 93, 181, 138, 217, 181, 251, 184, 39, 200, 84, 108, 26, 65, 124, 144, 56, 84, 57, 118, 80, 185, 238, 110, 55, 125, 53, 150, 174, 188, 85, 71, 150, 198, 162, 197, 215, 253, 118, 93, 253, 240, 102, 255, 3, 18, 53, 218, 215, 239, 103, 153, 180, 231, 225, 185, 251, 31, 254, 253, 7, 97, 144, 1, 68, 105, 4, 129, 244, 121, 151, 179, 46, 63, 255, 249, 15, 166, 121, 251, 149, 247, 111, 42, 86, 222, 170, 133, 74, 227, 7, 141, 27, 238, 172, 0, 105, 186, 250, 242, 215, 255, 41, 123, 31, 93, 44, 90, 112, 197, 15, 42, 133, 31, 120, 180, 30, 18, 13, 155, 116, 250, 124, 211, 166, 187, 27, 114, 23, 93, 45, 9, 173, 191, 194, 6, 149, 34, 12, 128, 254, 229, 112, 110, 59, 41, 12, 229, 146, 0, 24, 24, 0, 157, 243, 29, 118, 231, 189, 101, 209, 0, 0, 0, 0, 73, 69, 78, 68, 174, 66, 96, 130};

uint8_t settings[720] = {137, 80, 78, 71, 13, 10, 26, 10, 0, 0, 0, 13, 73, 72, 68, 82, 0, 0, 0, 15, 0, 0, 0, 15, 8, 6, 0, 0, 0, 59, 214, 149, 74, 0, 0, 0, 6, 98, 75, 71, 68, 0, 119, 0, 119, 0, 119, 45, 110, 29, 234, 0, 0, 0, 9, 112, 72, 89, 115, 0, 0, 46, 35, 0, 0, 46, 35, 1, 120, 165, 63, 118, 0, 0, 0, 7, 116, 73, 77, 69, 7, 228, 12, 13, 12, 18, 7, 153, 17, 218, 252, 0, 0, 2, 93, 73, 68, 65, 84, 40, 207, 125, 146, 205, 75, 20, 113, 28, 198, 159, 223, 111, 222, 118, 214, 157, 221, 106, 23, 87, 77, 131, 32, 33, 47, 154, 26, 152, 91, 160, 116, 168, 142, 22, 81, 135, 58, 69, 135, 254, 130, 98, 51, 215, 221, 29, 50, 240, 214, 45, 168, 107, 34, 209, 218, 158, 2, 9, 194, 124, 9, 195, 20, 243, 178, 225, 11, 27, 190, 228, 11, 99, 226, 204, 58, 179, 59, 187, 51, 191, 14, 161, 145, 184, 61, 231, 207, 243, 253, 194, 243, 60, 4, 101, 212, 211, 251, 246, 133, 83, 114, 239, 115, 60, 125, 165, 38, 110, 62, 56, 138, 161, 229, 204, 132, 224, 218, 165, 206, 86, 142, 18, 122, 181, 28, 67, 1, 32, 30, 143, 31, 28, 233, 126, 242, 38, 18, 87, 83, 99, 130, 200, 87, 214, 212, 86, 129, 23, 105, 56, 174, 166, 198, 162, 209, 193, 246, 125, 102, 159, 39, 247, 158, 141, 242, 213, 214, 230, 119, 145, 167, 249, 82, 201, 153, 225, 120, 161, 171, 45, 210, 164, 84, 159, 172, 4, 33, 4, 174, 203, 176, 241, 115, 11, 95, 62, 127, 51, 156, 82, 49, 205, 243, 92, 139, 93, 114, 61, 235, 114, 248, 44, 137, 62, 30, 184, 34, 74, 158, 244, 197, 142, 22, 121, 103, 123, 151, 157, 62, 115, 138, 72, 146, 8, 203, 204, 67, 215, 13, 248, 253, 10, 100, 175, 7, 133, 130, 141, 236, 226, 50, 59, 30, 12, 144, 137, 79, 51, 150, 93, 200, 119, 113, 227, 99, 169, 165, 142, 206, 91, 94, 109, 107, 167, 185, 45, 210, 36, 9, 130, 128, 197, 249, 31, 133, 137, 145, 41, 125, 109, 121, 99, 114, 33, 147, 61, 38, 72, 2, 87, 25, 14, 114, 39, 130, 1, 50, 62, 242, 53, 87, 44, 150, 158, 63, 85, 111, 191, 164, 0, 160, 172, 132, 98, 57, 195, 228, 8, 229, 96, 153, 121, 204, 205, 100, 246, 92, 51, 95, 223, 27, 187, 113, 217, 98, 133, 250, 185, 233, 204, 158, 101, 229, 65, 40, 135, 156, 97, 114, 202, 74, 40, 118, 16, 152, 81, 171, 133, 36, 81, 176, 9, 1, 116, 221, 0, 165, 252, 172, 218, 127, 247, 23, 0, 244, 39, 239, 108, 83, 142, 206, 234, 187, 57, 16, 2, 72, 162, 96, 27, 181, 90, 232, 192, 172, 172, 134, 180, 130, 93, 20, 25, 3, 252, 126, 5, 174, 83, 106, 126, 24, 123, 29, 4, 128, 71, 209, 161, 144, 235, 176, 115, 254, 128, 15, 140, 1, 5, 187, 40, 42, 171, 33, 237, 239, 231, 58, 45, 233, 83, 188, 14, 115, 29, 200, 94, 15, 26, 91, 27, 42, 100, 34, 45, 36, 146, 67, 31, 61, 146, 51, 223, 120, 190, 161, 66, 150, 61, 96, 174, 3, 159, 226, 117, 140, 58, 45, 9, 0, 229, 211, 182, 242, 208, 119, 115, 240, 7, 124, 144, 229, 163, 211, 254, 167, 103, 187, 200, 166, 5, 129, 187, 222, 22, 105, 84, 170, 106, 194, 160, 244, 79, 207, 235, 107, 155, 152, 154, 156, 51, 108, 219, 121, 39, 10, 164, 117, 191, 103, 28, 94, 88, 52, 58, 216, 158, 72, 166, 70, 213, 190, 180, 57, 155, 217, 99, 106, 95, 218, 76, 36, 83, 163, 61, 221, 3, 23, 14, 47, 172, 172, 98, 241, 84, 246, 253, 135, 37, 214, 27, 31, 202, 254, 119, 219, 71, 137, 49, 54, 60, 62, 50, 237, 184, 204, 29, 46, 199, 252, 6, 204, 29, 35, 50, 24, 56, 33, 76, 0, 0, 0, 0, 73, 69, 78, 68, 174, 66, 96, 130};

uint8_t sine[517] = {137, 80, 78, 71, 13, 10, 26, 10, 0, 0, 0, 13, 73, 72, 68, 82, 0, 0, 0, 15, 0, 0, 0, 15, 8, 6, 0, 0, 0, 59, 214, 149, 74, 0, 0, 0, 6, 98, 75, 71, 68, 0, 255, 0, 255, 0, 255, 160, 189, 167, 147, 0, 0, 1, 186, 73, 68, 65, 84, 40, 145, 133, 146, 191, 107, 83, 81, 20, 199, 63, 247, 135, 214, 38, 239, 165, 70, 107, 160, 41, 52, 74, 5, 145, 148, 254, 9, 130, 139, 162, 34, 98, 45, 237, 228, 168, 131, 171, 131, 163, 130, 93, 116, 236, 32, 8, 10, 129, 130, 10, 42, 196, 169, 32, 110, 14, 86, 130, 248, 171, 136, 14, 210, 78, 10, 77, 99, 154, 164, 244, 65, 114, 127, 56, 68, 140, 190, 39, 207, 3, 119, 57, 223, 251, 57, 231, 123, 238, 185, 226, 198, 226, 82, 205, 24, 59, 69, 44, 164, 146, 0, 56, 235, 226, 18, 74, 137, 117, 209, 92, 43, 235, 158, 49, 83, 151, 47, 94, 216, 19, 191, 208, 104, 109, 99, 157, 163, 144, 207, 225, 173, 197, 71, 17, 50, 8, 0, 168, 60, 172, 142, 251, 145, 82, 78, 39, 202, 198, 34, 170, 189, 166, 93, 185, 7, 74, 161, 246, 237, 39, 127, 245, 218, 111, 45, 21, 246, 245, 13, 90, 247, 239, 50, 122, 125, 1, 61, 86, 164, 83, 125, 202, 214, 157, 69, 152, 232, 79, 41, 83, 225, 23, 203, 132, 231, 103, 209, 99, 69, 0, 194, 115, 51, 184, 205, 58, 67, 209, 142, 72, 135, 187, 93, 220, 187, 55, 100, 142, 29, 31, 228, 132, 32, 115, 226, 20, 210, 91, 1, 160, 165, 146, 52, 90, 219, 201, 89, 63, 188, 71, 28, 156, 228, 71, 215, 66, 119, 160, 251, 163, 211, 200, 111, 47, 251, 182, 119, 245, 122, 152, 205, 58, 214, 185, 191, 14, 171, 111, 177, 229, 233, 68, 222, 101, 3, 162, 76, 198, 3, 104, 103, 45, 217, 47, 171, 4, 167, 207, 14, 218, 26, 195, 247, 79, 31, 217, 61, 51, 79, 33, 159, 75, 184, 114, 198, 122, 0, 233, 133, 100, 231, 249, 50, 120, 63, 176, 92, 91, 65, 30, 62, 2, 65, 152, 246, 158, 72, 163, 53, 122, 162, 68, 167, 250, 164, 95, 181, 181, 69, 251, 193, 18, 234, 228, 153, 84, 16, 126, 237, 121, 239, 165, 43, 52, 110, 47, 16, 173, 188, 194, 119, 218, 132, 179, 243, 68, 165, 67, 224, 146, 95, 51, 1, 203, 48, 228, 192, 205, 91, 216, 250, 6, 50, 8, 17, 195, 195, 68, 255, 216, 64, 2, 214, 74, 174, 87, 30, 61, 43, 198, 5, 165, 148, 64, 120, 172, 113, 62, 174, 25, 239, 155, 159, 199, 179, 29, 45, 154, 107, 229, 104, 168, 48, 242, 223, 54, 127, 196, 215, 201, 209, 246, 227, 185, 57, 251, 19, 177, 105, 185, 187, 94, 53, 210, 242, 0, 0, 0, 0, 73, 69, 78, 68, 174, 66, 96, 130};

uint8_t recordAudio[486] = {137, 80, 78, 71, 13, 10, 26, 10, 0, 0, 0, 13, 73, 72, 68, 82, 0, 0, 0, 15, 0, 0, 0, 15, 8, 6, 0, 0, 0, 59, 214, 149, 74, 0, 0, 0, 6, 98, 75, 71, 68, 0, 255, 0, 255, 0, 255, 160, 189, 167, 147, 0, 0, 1, 155, 73, 68, 65, 84, 40, 145, 173, 146, 191, 107, 83, 81, 20, 199, 63, 55, 239, 229, 25, 146, 96, 45, 152, 180, 21, 187, 4, 253, 55, 108, 6, 9, 20, 196, 69, 163, 118, 171, 129, 44, 217, 234, 226, 230, 216, 209, 49, 16, 144, 196, 173, 197, 73, 144, 128, 222, 201, 172, 254, 11, 201, 98, 135, 254, 48, 129, 152, 234, 163, 207, 228, 222, 123, 92, 204, 227, 153, 106, 21, 244, 192, 119, 185, 95, 62, 247, 123, 206, 225, 192, 63, 148, 90, 124, 104, 52, 26, 121, 207, 243, 182, 128, 13, 96, 5, 56, 1, 122, 214, 218, 189, 102, 179, 249, 245, 183, 112, 189, 94, 223, 84, 74, 189, 4, 138, 191, 8, 58, 81, 74, 109, 183, 90, 173, 183, 231, 224, 90, 173, 182, 41, 34, 111, 0, 239, 130, 78, 13, 112, 167, 211, 233, 188, 139, 225, 106, 181, 154, 207, 102, 179, 3, 17, 89, 249, 195, 152, 0, 159, 124, 223, 191, 209, 110, 183, 191, 248, 0, 65, 16, 108, 89, 107, 99, 176, 112, 37, 197, 147, 106, 192, 90, 193, 227, 112, 104, 121, 254, 234, 27, 163, 137, 204, 237, 226, 116, 58, 125, 8, 188, 72, 1, 136, 72, 217, 90, 203, 92, 59, 247, 132, 235, 203, 167, 216, 104, 204, 250, 242, 41, 59, 247, 33, 233, 91, 107, 55, 0, 82, 0, 179, 217, 236, 106, 210, 92, 91, 10, 57, 11, 199, 220, 125, 122, 204, 89, 56, 230, 218, 82, 184, 8, 23, 0, 252, 31, 201, 67, 145, 184, 45, 14, 71, 142, 245, 203, 19, 94, 63, 131, 75, 42, 226, 96, 148, 195, 57, 151, 156, 123, 24, 39, 91, 107, 123, 201, 159, 119, 247, 125, 14, 38, 69, 252, 32, 199, 199, 207, 5, 118, 247, 188, 159, 146, 141, 49, 239, 227, 109, 87, 42, 149, 92, 38, 147, 25, 0, 171, 127, 177, 237, 163, 40, 138, 110, 106, 173, 195, 20, 128, 214, 58, 52, 198, 60, 118, 206, 25, 231, 28, 23, 200, 136, 200, 182, 214, 58, 132, 196, 65, 244, 251, 253, 65, 169, 84, 250, 32, 34, 183, 69, 36, 47, 34, 44, 232, 72, 68, 30, 116, 187, 93, 61, 103, 206, 221, 118, 185, 92, 206, 167, 211, 233, 71, 192, 45, 165, 212, 170, 136, 28, 43, 165, 122, 192, 254, 60, 241, 191, 212, 119, 10, 138, 3, 216, 102, 66, 112, 108, 0, 0, 0, 0, 73, 69, 78, 68, 174, 66, 96, 130};

uint8_t processor[640] = {137, 80, 78, 71, 13, 10, 26, 10, 0, 0, 0, 13, 73, 72, 68, 82, 0, 0, 0, 15, 0, 0, 0, 15, 8, 6, 0, 0, 0, 59, 214, 149, 74, 0, 0, 0, 6, 98, 75, 71, 68, 0, 255, 0, 255, 0, 255, 160, 189, 167, 147, 0, 0, 2, 53, 73, 68, 65, 84, 40, 145, 157, 211, 191, 78, 20, 81, 20, 6, 240, 239, 204, 157, 153, 187, 51, 236, 31, 150, 69, 86, 22, 54, 146, 72, 2, 174, 60, 1, 84, 90, 80, 17, 21, 19, 95, 96, 31, 192, 24, 18, 42, 27, 158, 192, 202, 90, 43, 163, 145, 196, 198, 202, 109, 220, 194, 202, 66, 27, 32, 16, 93, 193, 44, 172, 10, 34, 217, 153, 97, 103, 103, 238, 220, 57, 54, 16, 19, 179, 49, 196, 175, 58, 205, 239, 228, 36, 231, 28, 194, 89, 248, 229, 61, 129, 75, 215, 29, 228, 58, 17, 80, 177, 112, 120, 172, 225, 148, 8, 178, 75, 40, 20, 52, 246, 3, 11, 118, 54, 162, 27, 107, 201, 185, 17, 231, 197, 210, 237, 155, 243, 39, 73, 244, 236, 67, 43, 37, 191, 31, 173, 238, 122, 233, 181, 78, 208, 91, 250, 225, 241, 221, 157, 93, 255, 170, 207, 252, 240, 221, 151, 110, 124, 224, 77, 124, 109, 183, 119, 98, 0, 32, 0, 88, 88, 184, 149, 75, 51, 180, 239, 100, 108, 87, 37, 220, 55, 77, 178, 117, 202, 9, 129, 12, 34, 166, 52, 165, 68, 24, 176, 85, 202, 125, 21, 43, 229, 164, 246, 149, 102, 115, 61, 16, 252, 118, 205, 44, 150, 233, 206, 251, 86, 180, 156, 159, 156, 150, 35, 227, 21, 155, 101, 78, 200, 252, 136, 101, 231, 139, 166, 157, 27, 49, 101, 190, 104, 23, 47, 87, 132, 233, 230, 101, 236, 119, 245, 131, 229, 209, 157, 23, 171, 75, 219, 6, 226, 64, 206, 148, 101, 221, 18, 176, 93, 55, 131, 169, 106, 5, 131, 50, 85, 157, 128, 235, 102, 96, 153, 36, 103, 202, 178, 142, 56, 144, 6, 38, 179, 234, 208, 87, 13, 173, 145, 4, 167, 33, 54, 182, 91, 3, 241, 198, 246, 103, 4, 167, 33, 146, 148, 213, 161, 175, 26, 152, 204, 42, 3, 221, 174, 24, 118, 173, 154, 48, 200, 24, 168, 254, 138, 32, 136, 97, 215, 170, 161, 219, 21, 6, 162, 2, 107, 205, 30, 131, 249, 34, 152, 25, 172, 53, 123, 136, 10, 108, 34, 60, 230, 56, 97, 143, 153, 46, 134, 9, 28, 39, 169, 135, 240, 152, 13, 140, 149, 68, 206, 17, 53, 162, 63, 59, 255, 247, 216, 36, 114, 142, 168, 97, 172, 36, 12, 160, 163, 58, 39, 113, 67, 51, 39, 217, 33, 7, 115, 179, 211, 3, 209, 220, 236, 52, 178, 67, 14, 18, 205, 170, 115, 18, 55, 128, 142, 50, 224, 87, 100, 117, 84, 214, 45, 131, 236, 94, 175, 143, 189, 246, 193, 64, 188, 215, 62, 64, 175, 215, 135, 101, 146, 172, 142, 202, 58, 252, 138, 52, 113, 180, 25, 70, 122, 124, 37, 138, 213, 27, 124, 107, 57, 93, 205, 177, 32, 50, 153, 161, 137, 152, 136, 136, 52, 67, 135, 4, 75, 165, 28, 39, 74, 169, 40, 78, 87, 112, 180, 25, 210, 121, 231, 143, 207, 239, 207, 91, 54, 61, 106, 255, 140, 158, 150, 139, 214, 98, 216, 79, 183, 132, 129, 188, 41, 140, 188, 215, 75, 182, 74, 57, 115, 241, 211, 247, 248, 201, 227, 87, 191, 94, 55, 155, 235, 1, 112, 118, 219, 192, 255, 125, 213, 111, 74, 99, 21, 185, 36, 221, 105, 207, 0, 0, 0, 0, 73, 69, 78, 68, 174, 66, 96, 130};

uint8_t ledOff[239] = {137, 80, 78, 71, 13, 10, 26, 10, 0, 0, 0, 13, 73, 72, 68, 82, 0, 0, 0, 16, 0, 0, 0, 13, 8, 6, 0, 0, 0, 160, 187, 238, 36, 0, 0, 0, 6, 98, 75, 71, 68, 0, 119, 0, 119, 0, 119, 45, 110, 29, 234, 0, 0, 0, 9, 112, 72, 89, 115, 0, 0, 46, 35, 0, 0, 46, 35, 1, 120, 165, 63, 118, 0, 0, 0, 7, 116, 73, 77, 69, 7, 228, 12, 5, 19, 0, 50, 101, 152, 162, 174, 0, 0, 0, 25, 116, 69, 88, 116, 67, 111, 109, 109, 101, 110, 116, 0, 67, 114, 101, 97, 116, 101, 100, 32, 119, 105, 116, 104, 32, 71, 73, 77, 80, 87, 129, 14, 23, 0, 0, 0, 87, 73, 68, 65, 84, 40, 207, 221, 208, 177, 13, 128, 48, 12, 68, 209, 143, 147, 130, 169, 96, 144, 148, 204, 69, 153, 65, 240, 92, 137, 73, 17, 69, 162, 196, 162, 0, 113, 253, 251, 197, 193, 219, 155, 0, 246, 156, 143, 34, 97, 41, 102, 183, 225, 204, 169, 91, 74, 171, 0, 120, 241, 48, 0, 61, 224, 196, 87, 35, 79, 63, 248, 75, 32, 138, 191, 51, 76, 15, 88, 85, 111, 36, 90, 85, 62, 177, 6, 226, 98, 27, 18, 109, 186, 206, 117, 0, 0, 0, 0, 73, 69, 78, 68, 174, 66, 96, 130};

uint8_t ledRed[225] = {137, 80, 78, 71, 13, 10, 26, 10, 0, 0, 0, 13, 73, 72, 68, 82, 0, 0, 0, 16, 0, 0, 0, 13, 8, 6, 0, 0, 0, 160, 187, 238, 36, 0, 0, 0, 6, 98, 75, 71, 68, 0, 255, 0, 255, 0, 255, 160, 189, 167, 147, 0, 0, 0, 9, 112, 72, 89, 115, 0, 0, 46, 35, 0, 0, 46, 35, 1, 120, 165, 63, 118, 0, 0, 0, 7, 116, 73, 77, 69, 7, 228, 12, 5, 18, 47, 11, 41, 67, 120, 252, 0, 0, 0, 25, 116, 69, 88, 116, 67, 111, 109, 109, 101, 110, 116, 0, 67, 114, 101, 97, 116, 101, 100, 32, 119, 105, 116, 104, 32, 71, 73, 77, 80, 87, 129, 14, 23, 0, 0, 0, 73, 73, 68, 65, 84, 40, 207, 99, 96, 24, 104, 192, 200, 192, 192, 192, 176, 141, 85, 53, 129, 129, 129, 161, 137, 129, 129, 65, 150, 4, 189, 137, 94, 191, 111, 47, 96, 130, 114, 72, 213, 12, 211, 195, 0, 51, 64, 150, 12, 215, 203, 34, 27, 64, 54, 24, 70, 6, 60, 38, 67, 239, 99, 100, 3, 234, 200, 48, 164, 142, 97, 80, 0, 0, 78, 66, 10, 18, 165, 140, 107, 214, 0, 0, 0, 0, 73, 69, 78, 68, 174, 66, 96, 130};

uint8_t ledGreen[247] = {137, 80, 78, 71, 13, 10, 26, 10, 0, 0, 0, 13, 73, 72, 68, 82, 0, 0, 0, 16, 0, 0, 0, 13, 8, 6, 0, 0, 0, 160, 187, 238, 36, 0, 0, 0, 6, 98, 75, 71, 68, 0, 119, 0, 119, 0, 119, 45, 110, 29, 234, 0, 0, 0, 9, 112, 72, 89, 115, 0, 0, 46, 35, 0, 0, 46, 35, 1, 120, 165, 63, 118, 0, 0, 0, 7, 116, 73, 77, 69, 7, 228, 12, 5, 19, 3, 4, 129, 15, 100, 244, 0, 0, 0, 25, 116, 69, 88, 116, 67, 111, 109, 109, 101, 110, 116, 0, 67, 114, 101, 97, 116, 101, 100, 32, 119, 105, 116, 104, 32, 71, 73, 77, 80, 87, 129, 14, 23, 0, 0, 0, 95, 73, 68, 65, 84, 40, 207, 99, 96, 24, 104, 192, 200, 192, 192, 192, 80, 121, 164, 253, 198, 33, 169, 27, 234, 119, 216, 62, 16, 173, 49, 233, 129, 197, 205, 118, 155, 74, 13, 38, 6, 6, 6, 6, 82, 53, 195, 244, 48, 48, 48, 48, 48, 49, 48, 48, 48, 144, 170, 25, 89, 15, 19, 165, 97, 48, 92, 12, 80, 249, 37, 64, 178, 70, 152, 30, 38, 6, 6, 6, 6, 187, 103, 26, 55, 73, 53, 196, 238, 153, 198, 77, 134, 65, 1, 0, 255, 207, 27, 18, 66, 25, 36, 82, 0, 0, 0, 0, 73, 69, 78, 68, 174, 66, 96, 130};
